2025-07-22 08:51:38,517 [Worker-1: Loading available Gradle versions] INFO  o.e.b.c.i.u.g.PublishedGradleVersions - Gradle version information cache is up-to-date. Trying to read.
2025-07-24 08:56:30,569 [Worker-11: Loading available Gradle versions] INFO  o.e.b.c.i.u.g.PublishedGradleVersions - Gradle version information cache is out-of-date. Trying to update.
2025-07-25 15:32:26,850 [Worker-1: Loading available Gradle versions] INFO  o.e.b.c.i.u.g.PublishedGradleVersions - Gradle version information cache is out-of-date. Trying to update.
2025-07-26 08:46:57,722 [Worker-0: Loading available Gradle versions] INFO  o.e.b.c.i.u.g.PublishedGradleVersions - Gradle version information cache is up-to-date. Trying to read.
2025-07-29 08:48:15,358 [Worker-12: Loading available Gradle versions] INFO  o.e.b.c.i.u.g.PublishedGradleVersions - Gradle version information cache is out-of-date. Trying to update.
2025-07-31 08:49:41,007 [Worker-5: Loading available Gradle versions] INFO  o.e.b.c.i.u.g.PublishedGradleVersions - Gradle version information cache is up-to-date. Trying to read.
2025-08-02 08:49:17,265 [Worker-0: Loading available Gradle versions] INFO  o.e.b.c.i.u.g.PublishedGradleVersions - Gradle version information cache is out-of-date. Trying to update.
2025-08-05 08:43:51,275 [Worker-5: Loading available Gradle versions] INFO  o.e.b.c.i.u.g.PublishedGradleVersions - Gradle version information cache is out-of-date. Trying to update.
2025-08-07 08:49:43,266 [Worker-5: Loading available Gradle versions] INFO  o.e.b.c.i.u.g.PublishedGradleVersions - Gradle version information cache is out-of-date. Trying to update.
2025-08-12 08:47:07,901 [Worker-4: Loading available Gradle versions] INFO  o.e.b.c.i.u.g.PublishedGradleVersions - Gradle version information cache is out-of-date. Trying to update.
2025-08-19 08:49:19,841 [Worker-12: Loading available Gradle versions] INFO  o.e.b.c.i.u.g.PublishedGradleVersions - Gradle version information cache is up-to-date. Trying to read.
2025-08-21 08:52:48,660 [Worker-7: Loading available Gradle versions] INFO  o.e.b.c.i.u.g.PublishedGradleVersions - Gradle version information cache is up-to-date. Trying to read.
2025-08-23 08:47:52,449 [Worker-0: Loading available Gradle versions] INFO  o.e.b.c.i.u.g.PublishedGradleVersions - Gradle version information cache is out-of-date. Trying to update.
2025-08-26 08:49:25,354 [Worker-6: Loading available Gradle versions] INFO  o.e.b.c.i.u.g.PublishedGradleVersions - Gradle version information cache is out-of-date. Trying to update.
2025-08-28 08:55:30,452 [Worker-7: Loading available Gradle versions] INFO  o.e.b.c.i.u.g.PublishedGradleVersions - Gradle version information cache is up-to-date. Trying to read.
2025-09-02 08:53:57,015 [Worker-1: Loading available Gradle versions] INFO  o.e.b.c.i.u.g.PublishedGradleVersions - Gradle version information cache is up-to-date. Trying to read.
2025-09-04 08:53:57,857 [Worker-14: Loading available Gradle versions] INFO  o.e.b.c.i.u.g.PublishedGradleVersions - Gradle version information cache is up-to-date. Trying to read.
2025-09-06 08:42:52,293 [Worker-1: Loading available Gradle versions] INFO  o.e.b.c.i.u.g.PublishedGradleVersions - Gradle version information cache is out-of-date. Trying to update.
2025-09-09 08:52:55,451 [Worker-0: Loading available Gradle versions] INFO  o.e.b.c.i.u.g.PublishedGradleVersions - Gradle version information cache is out-of-date. Trying to update.
2025-09-09 08:59:51,613 [Worker-0: Loading available Gradle versions] INFO  o.e.b.c.i.u.g.PublishedGradleVersions - Gradle version information cache is up-to-date. Trying to read.
2025-09-09 09:37:39,677 [Worker-1: Loading available Gradle versions] INFO  o.e.b.c.i.u.g.PublishedGradleVersions - Gradle version information cache is up-to-date. Trying to read.
2025-09-11 08:51:22,163 [Worker-4: Loading available Gradle versions] INFO  o.e.b.c.i.u.g.PublishedGradleVersions - Gradle version information cache is up-to-date. Trying to read.
2025-09-13 08:15:40,903 [Worker-3: Loading available Gradle versions] INFO  o.e.b.c.i.u.g.PublishedGradleVersions - Gradle version information cache is up-to-date. Trying to read.
2025-09-16 08:29:17,648 [Worker-5: Loading available Gradle versions] INFO  o.e.b.c.i.u.g.PublishedGradleVersions - Gradle version information cache is out-of-date. Trying to update.
2025-09-18 08:21:39,663 [Worker-7: Loading available Gradle versions] INFO  o.e.b.c.i.u.g.PublishedGradleVersions - Gradle version information cache is up-to-date. Trying to read.
2025-09-19 15:25:35,562 [Worker-6: Loading available Gradle versions] INFO  o.e.b.c.i.u.g.PublishedGradleVersions - Gradle version information cache is up-to-date. Trying to read.
2025-10-14 08:49:36,376 [Worker-3: Loading available Gradle versions] INFO  o.e.b.c.i.u.g.PublishedGradleVersions - Gradle version information cache is up-to-date. Trying to read.
2025-10-14 09:01:26,743 [Worker-22: Launching mavenrun-93173c6d-1302-4d40-aae7-b70d0a3e8b48] INFO  o.eclipse.m2e.core.internal.Bundles - getClasspathEntries(Bundle=org.eclipse.m2e.maven.runtime_3.9.700.20240602-2313 [642])
2025-10-14 09:01:26,746 [Worker-22: Launching mavenrun-93173c6d-1302-4d40-aae7-b70d0a3e8b48] INFO  o.eclipse.m2e.core.internal.Bundles - 	Entry: C:\Users\Admin\.p2\pool\plugins\org.eclipse.m2e.maven.runtime_3.9.700.20240602-2313
2025-10-14 09:01:26,747 [Worker-22: Launching mavenrun-93173c6d-1302-4d40-aae7-b70d0a3e8b48] INFO  o.eclipse.m2e.core.internal.Bundles - 	Entry: C:\Users\Admin\.p2\pool\plugins\org.eclipse.m2e.maven.runtime_3.9.700.20240602-2313\jars\aopalliance-1.0.jar
2025-10-14 09:01:26,747 [Worker-22: Launching mavenrun-93173c6d-1302-4d40-aae7-b70d0a3e8b48] INFO  o.eclipse.m2e.core.internal.Bundles - 	Entry: C:\Users\Admin\.p2\pool\plugins\org.eclipse.m2e.maven.runtime_3.9.700.20240602-2313\jars\guice-5.1.0.jar
2025-10-14 09:01:26,747 [Worker-22: Launching mavenrun-93173c6d-1302-4d40-aae7-b70d0a3e8b48] INFO  o.eclipse.m2e.core.internal.Bundles - 	Entry: C:\Users\Admin\.p2\pool\plugins\org.eclipse.m2e.maven.runtime_3.9.700.20240602-2313\jars\httpclient-4.5.14.jar
2025-10-14 09:01:26,747 [Worker-22: Launching mavenrun-93173c6d-1302-4d40-aae7-b70d0a3e8b48] INFO  o.eclipse.m2e.core.internal.Bundles - 	Entry: C:\Users\Admin\.p2\pool\plugins\org.eclipse.m2e.maven.runtime_3.9.700.20240602-2313\jars\httpcore-4.4.16.jar
2025-10-14 09:01:26,747 [Worker-22: Launching mavenrun-93173c6d-1302-4d40-aae7-b70d0a3e8b48] INFO  o.eclipse.m2e.core.internal.Bundles - 	Entry: C:\Users\Admin\.p2\pool\plugins\org.eclipse.m2e.maven.runtime_3.9.700.20240602-2313\jars\jansi-2.4.1.jar
2025-10-14 09:01:26,747 [Worker-22: Launching mavenrun-93173c6d-1302-4d40-aae7-b70d0a3e8b48] INFO  o.eclipse.m2e.core.internal.Bundles - 	Entry: C:\Users\Admin\.p2\pool\plugins\org.eclipse.m2e.maven.runtime_3.9.700.20240602-2313\jars\jcl-over-slf4j-1.7.36.jar
2025-10-14 09:01:26,747 [Worker-22: Launching mavenrun-93173c6d-1302-4d40-aae7-b70d0a3e8b48] INFO  o.eclipse.m2e.core.internal.Bundles - 	Entry: C:\Users\Admin\.p2\pool\plugins\org.eclipse.m2e.maven.runtime_3.9.700.20240602-2313\jars\maven-artifact-3.9.7.jar
2025-10-14 09:01:26,747 [Worker-22: Launching mavenrun-93173c6d-1302-4d40-aae7-b70d0a3e8b48] INFO  o.eclipse.m2e.core.internal.Bundles - 	Entry: C:\Users\Admin\.p2\pool\plugins\org.eclipse.m2e.maven.runtime_3.9.700.20240602-2313\jars\maven-builder-support-3.9.7.jar
2025-10-14 09:01:26,748 [Worker-22: Launching mavenrun-93173c6d-1302-4d40-aae7-b70d0a3e8b48] INFO  o.eclipse.m2e.core.internal.Bundles - 	Entry: C:\Users\Admin\.p2\pool\plugins\org.eclipse.m2e.maven.runtime_3.9.700.20240602-2313\jars\maven-compat-3.9.7.jar
2025-10-14 09:01:26,748 [Worker-22: Launching mavenrun-93173c6d-1302-4d40-aae7-b70d0a3e8b48] INFO  o.eclipse.m2e.core.internal.Bundles - 	Entry: C:\Users\Admin\.p2\pool\plugins\org.eclipse.m2e.maven.runtime_3.9.700.20240602-2313\jars\maven-core-3.9.7.jar
2025-10-14 09:01:26,748 [Worker-22: Launching mavenrun-93173c6d-1302-4d40-aae7-b70d0a3e8b48] INFO  o.eclipse.m2e.core.internal.Bundles - 	Entry: C:\Users\Admin\.p2\pool\plugins\org.eclipse.m2e.maven.runtime_3.9.700.20240602-2313\jars\maven-embedder-3.9.7.jar
2025-10-14 09:01:26,748 [Worker-22: Launching mavenrun-93173c6d-1302-4d40-aae7-b70d0a3e8b48] INFO  o.eclipse.m2e.core.internal.Bundles - 	Entry: C:\Users\Admin\.p2\pool\plugins\org.eclipse.m2e.maven.runtime_3.9.700.20240602-2313\jars\maven-model-3.9.7.jar
2025-10-14 09:01:26,748 [Worker-22: Launching mavenrun-93173c6d-1302-4d40-aae7-b70d0a3e8b48] INFO  o.eclipse.m2e.core.internal.Bundles - 	Entry: C:\Users\Admin\.p2\pool\plugins\org.eclipse.m2e.maven.runtime_3.9.700.20240602-2313\jars\maven-model-builder-3.9.7.jar
2025-10-14 09:01:26,748 [Worker-22: Launching mavenrun-93173c6d-1302-4d40-aae7-b70d0a3e8b48] INFO  o.eclipse.m2e.core.internal.Bundles - 	Entry: C:\Users\Admin\.p2\pool\plugins\org.eclipse.m2e.maven.runtime_3.9.700.20240602-2313\jars\maven-plugin-api-3.9.7.jar
2025-10-14 09:01:26,748 [Worker-22: Launching mavenrun-93173c6d-1302-4d40-aae7-b70d0a3e8b48] INFO  o.eclipse.m2e.core.internal.Bundles - 	Entry: C:\Users\Admin\.p2\pool\plugins\org.eclipse.m2e.maven.runtime_3.9.700.20240602-2313\jars\maven-repository-metadata-3.9.7.jar
2025-10-14 09:01:26,748 [Worker-22: Launching mavenrun-93173c6d-1302-4d40-aae7-b70d0a3e8b48] INFO  o.eclipse.m2e.core.internal.Bundles - 	Entry: C:\Users\Admin\.p2\pool\plugins\org.eclipse.m2e.maven.runtime_3.9.700.20240602-2313\jars\maven-resolver-api-1.9.20.jar
2025-10-14 09:01:26,749 [Worker-22: Launching mavenrun-93173c6d-1302-4d40-aae7-b70d0a3e8b48] INFO  o.eclipse.m2e.core.internal.Bundles - 	Entry: C:\Users\Admin\.p2\pool\plugins\org.eclipse.m2e.maven.runtime_3.9.700.20240602-2313\jars\maven-resolver-connector-basic-1.9.20.jar
2025-10-14 09:01:26,749 [Worker-22: Launching mavenrun-93173c6d-1302-4d40-aae7-b70d0a3e8b48] INFO  o.eclipse.m2e.core.internal.Bundles - 	Entry: C:\Users\Admin\.p2\pool\plugins\org.eclipse.m2e.maven.runtime_3.9.700.20240602-2313\jars\maven-resolver-impl-1.9.20.jar
2025-10-14 09:01:26,749 [Worker-22: Launching mavenrun-93173c6d-1302-4d40-aae7-b70d0a3e8b48] INFO  o.eclipse.m2e.core.internal.Bundles - 	Entry: C:\Users\Admin\.p2\pool\plugins\org.eclipse.m2e.maven.runtime_3.9.700.20240602-2313\jars\maven-resolver-named-locks-1.9.20.jar
2025-10-14 09:01:26,749 [Worker-22: Launching mavenrun-93173c6d-1302-4d40-aae7-b70d0a3e8b48] INFO  o.eclipse.m2e.core.internal.Bundles - 	Entry: C:\Users\Admin\.p2\pool\plugins\org.eclipse.m2e.maven.runtime_3.9.700.20240602-2313\jars\maven-resolver-provider-3.9.7.jar
2025-10-14 09:01:26,749 [Worker-22: Launching mavenrun-93173c6d-1302-4d40-aae7-b70d0a3e8b48] INFO  o.eclipse.m2e.core.internal.Bundles - 	Entry: C:\Users\Admin\.p2\pool\plugins\org.eclipse.m2e.maven.runtime_3.9.700.20240602-2313\jars\maven-resolver-spi-1.9.20.jar
2025-10-14 09:01:26,749 [Worker-22: Launching mavenrun-93173c6d-1302-4d40-aae7-b70d0a3e8b48] INFO  o.eclipse.m2e.core.internal.Bundles - 	Entry: C:\Users\Admin\.p2\pool\plugins\org.eclipse.m2e.maven.runtime_3.9.700.20240602-2313\jars\maven-resolver-transport-file-1.9.20.jar
2025-10-14 09:01:26,749 [Worker-22: Launching mavenrun-93173c6d-1302-4d40-aae7-b70d0a3e8b48] INFO  o.eclipse.m2e.core.internal.Bundles - 	Entry: C:\Users\Admin\.p2\pool\plugins\org.eclipse.m2e.maven.runtime_3.9.700.20240602-2313\jars\maven-resolver-transport-http-1.9.20.jar
2025-10-14 09:01:26,749 [Worker-22: Launching mavenrun-93173c6d-1302-4d40-aae7-b70d0a3e8b48] INFO  o.eclipse.m2e.core.internal.Bundles - 	Entry: C:\Users\Admin\.p2\pool\plugins\org.eclipse.m2e.maven.runtime_3.9.700.20240602-2313\jars\maven-resolver-transport-wagon-1.9.20.jar
2025-10-14 09:01:26,749 [Worker-22: Launching mavenrun-93173c6d-1302-4d40-aae7-b70d0a3e8b48] INFO  o.eclipse.m2e.core.internal.Bundles - 	Entry: C:\Users\Admin\.p2\pool\plugins\org.eclipse.m2e.maven.runtime_3.9.700.20240602-2313\jars\maven-resolver-util-1.9.20.jar
2025-10-14 09:01:26,750 [Worker-22: Launching mavenrun-93173c6d-1302-4d40-aae7-b70d0a3e8b48] INFO  o.eclipse.m2e.core.internal.Bundles - 	Entry: C:\Users\Admin\.p2\pool\plugins\org.eclipse.m2e.maven.runtime_3.9.700.20240602-2313\jars\maven-settings-3.9.7.jar
2025-10-14 09:01:26,750 [Worker-22: Launching mavenrun-93173c6d-1302-4d40-aae7-b70d0a3e8b48] INFO  o.eclipse.m2e.core.internal.Bundles - 	Entry: C:\Users\Admin\.p2\pool\plugins\org.eclipse.m2e.maven.runtime_3.9.700.20240602-2313\jars\maven-settings-builder-3.9.7.jar
2025-10-14 09:01:26,750 [Worker-22: Launching mavenrun-93173c6d-1302-4d40-aae7-b70d0a3e8b48] INFO  o.eclipse.m2e.core.internal.Bundles - 	Entry: C:\Users\Admin\.p2\pool\plugins\org.eclipse.m2e.maven.runtime_3.9.700.20240602-2313\jars\maven-shared-utils-3.4.2.jar
2025-10-14 09:01:26,750 [Worker-22: Launching mavenrun-93173c6d-1302-4d40-aae7-b70d0a3e8b48] INFO  o.eclipse.m2e.core.internal.Bundles - 	Entry: C:\Users\Admin\.p2\pool\plugins\org.eclipse.m2e.maven.runtime_3.9.700.20240602-2313\jars\org.eclipse.sisu.inject-0.9.0.M2.jar
2025-10-14 09:01:26,750 [Worker-22: Launching mavenrun-93173c6d-1302-4d40-aae7-b70d0a3e8b48] INFO  o.eclipse.m2e.core.internal.Bundles - 	Entry: C:\Users\Admin\.p2\pool\plugins\org.eclipse.m2e.maven.runtime_3.9.700.20240602-2313\jars\org.eclipse.sisu.plexus-0.9.0.M2.jar
2025-10-14 09:01:26,750 [Worker-22: Launching mavenrun-93173c6d-1302-4d40-aae7-b70d0a3e8b48] INFO  o.eclipse.m2e.core.internal.Bundles - 	Entry: C:\Users\Admin\.p2\pool\plugins\org.eclipse.m2e.maven.runtime_3.9.700.20240602-2313\jars\plexus-build-api-0.0.7.jar
2025-10-14 09:01:26,750 [Worker-22: Launching mavenrun-93173c6d-1302-4d40-aae7-b70d0a3e8b48] INFO  o.eclipse.m2e.core.internal.Bundles - 	Entry: C:\Users\Admin\.p2\pool\plugins\org.eclipse.m2e.maven.runtime_3.9.700.20240602-2313\jars\plexus-build-api-1.2.0.jar
2025-10-14 09:01:26,750 [Worker-22: Launching mavenrun-93173c6d-1302-4d40-aae7-b70d0a3e8b48] INFO  o.eclipse.m2e.core.internal.Bundles - 	Entry: C:\Users\Admin\.p2\pool\plugins\org.eclipse.m2e.maven.runtime_3.9.700.20240602-2313\jars\plexus-cipher-2.0.jar
2025-10-14 09:01:26,751 [Worker-22: Launching mavenrun-93173c6d-1302-4d40-aae7-b70d0a3e8b48] INFO  o.eclipse.m2e.core.internal.Bundles - 	Entry: C:\Users\Admin\.p2\pool\plugins\org.eclipse.m2e.maven.runtime_3.9.700.20240602-2313\jars\plexus-classworlds-2.8.0.jar
2025-10-14 09:01:26,751 [Worker-22: Launching mavenrun-93173c6d-1302-4d40-aae7-b70d0a3e8b48] INFO  o.eclipse.m2e.core.internal.Bundles - 	Entry: C:\Users\Admin\.p2\pool\plugins\org.eclipse.m2e.maven.runtime_3.9.700.20240602-2313\jars\plexus-component-annotations-2.1.0.jar
2025-10-14 09:01:26,751 [Worker-22: Launching mavenrun-93173c6d-1302-4d40-aae7-b70d0a3e8b48] INFO  o.eclipse.m2e.core.internal.Bundles - 	Entry: C:\Users\Admin\.p2\pool\plugins\org.eclipse.m2e.maven.runtime_3.9.700.20240602-2313\jars\plexus-interpolation-1.27.jar
2025-10-14 09:01:26,751 [Worker-22: Launching mavenrun-93173c6d-1302-4d40-aae7-b70d0a3e8b48] INFO  o.eclipse.m2e.core.internal.Bundles - 	Entry: C:\Users\Admin\.p2\pool\plugins\org.eclipse.m2e.maven.runtime_3.9.700.20240602-2313\jars\plexus-sec-dispatcher-2.0.jar
2025-10-14 09:01:26,751 [Worker-22: Launching mavenrun-93173c6d-1302-4d40-aae7-b70d0a3e8b48] INFO  o.eclipse.m2e.core.internal.Bundles - 	Entry: C:\Users\Admin\.p2\pool\plugins\org.eclipse.m2e.maven.runtime_3.9.700.20240602-2313\jars\plexus-utils-3.5.1.jar
2025-10-14 09:01:26,751 [Worker-22: Launching mavenrun-93173c6d-1302-4d40-aae7-b70d0a3e8b48] INFO  o.eclipse.m2e.core.internal.Bundles - 	Entry: C:\Users\Admin\.p2\pool\plugins\org.eclipse.m2e.maven.runtime_3.9.700.20240602-2313\jars\wagon-file-3.5.3.jar
2025-10-14 09:01:26,751 [Worker-22: Launching mavenrun-93173c6d-1302-4d40-aae7-b70d0a3e8b48] INFO  o.eclipse.m2e.core.internal.Bundles - 	Entry: C:\Users\Admin\.p2\pool\plugins\org.eclipse.m2e.maven.runtime_3.9.700.20240602-2313\jars\wagon-http-3.5.3.jar
2025-10-14 09:01:26,751 [Worker-22: Launching mavenrun-93173c6d-1302-4d40-aae7-b70d0a3e8b48] INFO  o.eclipse.m2e.core.internal.Bundles - 	Entry: C:\Users\Admin\.p2\pool\plugins\org.eclipse.m2e.maven.runtime_3.9.700.20240602-2313\jars\wagon-http-shared-3.5.3.jar
2025-10-14 09:01:26,751 [Worker-22: Launching mavenrun-93173c6d-1302-4d40-aae7-b70d0a3e8b48] INFO  o.eclipse.m2e.core.internal.Bundles - 	Entry: C:\Users\Admin\.p2\pool\plugins\org.eclipse.m2e.maven.runtime_3.9.700.20240602-2313\jars\wagon-provider-api-3.5.3.jar
2025-10-14 09:01:26,753 [Worker-22: Launching mavenrun-93173c6d-1302-4d40-aae7-b70d0a3e8b48] INFO  o.eclipse.m2e.core.internal.Bundles - getClasspathEntries(Bundle=com.google.guava_33.4.8.jre [1147])
2025-10-14 09:01:26,753 [Worker-22: Launching mavenrun-93173c6d-1302-4d40-aae7-b70d0a3e8b48] INFO  o.eclipse.m2e.core.internal.Bundles - 	Entry: C:\Users\Admin\.p2\pool\plugins\com.google.guava_33.4.8.jre.jar
2025-10-14 09:01:26,753 [Worker-22: Launching mavenrun-93173c6d-1302-4d40-aae7-b70d0a3e8b48] INFO  o.eclipse.m2e.core.internal.Bundles - getClasspathEntries(Bundle=slf4j.api_2.0.17 [1007])
2025-10-14 09:01:26,754 [Worker-22: Launching mavenrun-93173c6d-1302-4d40-aae7-b70d0a3e8b48] INFO  o.eclipse.m2e.core.internal.Bundles - 	Entry: C:\Users\Admin\.p2\pool\plugins\slf4j.api_2.0.17.jar
2025-10-14 09:01:26,754 [Worker-22: Launching mavenrun-93173c6d-1302-4d40-aae7-b70d0a3e8b48] INFO  o.eclipse.m2e.core.internal.Bundles - getClasspathEntries(Bundle=javax.inject_1.0.0.v20091030 [1223])
2025-10-14 09:01:26,754 [Worker-22: Launching mavenrun-93173c6d-1302-4d40-aae7-b70d0a3e8b48] INFO  o.eclipse.m2e.core.internal.Bundles - 	Entry: C:\Users\Admin\.p2\pool\plugins\javax.inject_1.0.0.v20091030.jar
2025-10-14 09:01:26,754 [Worker-22: Launching mavenrun-93173c6d-1302-4d40-aae7-b70d0a3e8b48] INFO  o.eclipse.m2e.core.internal.Bundles - getClasspathEntries(Bundle=javax.annotation_1.3.5.v20200909-1856 [44])
2025-10-14 09:01:26,754 [Worker-22: Launching mavenrun-93173c6d-1302-4d40-aae7-b70d0a3e8b48] INFO  o.eclipse.m2e.core.internal.Bundles - 	Entry: C:\Users\Admin\.p2\pool\plugins\javax.annotation_1.3.5.v20200909-1856.jar
2025-10-14 09:01:26,754 [Worker-22: Launching mavenrun-93173c6d-1302-4d40-aae7-b70d0a3e8b48] INFO  o.eclipse.m2e.core.internal.Bundles - getClasspathEntries(Bundle=org.apache.commons.cli_1.9.0 [1161])
2025-10-14 09:01:26,755 [Worker-22: Launching mavenrun-93173c6d-1302-4d40-aae7-b70d0a3e8b48] INFO  o.eclipse.m2e.core.internal.Bundles - 	Entry: C:\Users\Admin\.p2\pool\plugins\org.apache.commons.cli_1.9.0.jar
2025-10-14 09:01:26,755 [Worker-22: Launching mavenrun-93173c6d-1302-4d40-aae7-b70d0a3e8b48] INFO  o.eclipse.m2e.core.internal.Bundles - getClasspathEntries(Bundle=org.apache.commons.commons-codec_1.16.0 [81])
2025-10-14 09:01:26,755 [Worker-22: Launching mavenrun-93173c6d-1302-4d40-aae7-b70d0a3e8b48] INFO  o.eclipse.m2e.core.internal.Bundles - 	Entry: C:\Users\Admin\.p2\pool\plugins\org.apache.commons.commons-codec_1.16.0.jar
2025-10-14 09:01:26,755 [Worker-22: Launching mavenrun-93173c6d-1302-4d40-aae7-b70d0a3e8b48] INFO  o.eclipse.m2e.core.internal.Bundles - getClasspathEntries(Bundle=org.apache.commons.lang3_3.17.0 [1064])
2025-10-14 09:01:26,755 [Worker-22: Launching mavenrun-93173c6d-1302-4d40-aae7-b70d0a3e8b48] INFO  o.eclipse.m2e.core.internal.Bundles - 	Entry: C:\Users\Admin\.p2\pool\plugins\org.apache.commons.lang3_3.17.0.jar
2025-10-14 09:01:26,755 [Worker-22: Launching mavenrun-93173c6d-1302-4d40-aae7-b70d0a3e8b48] INFO  o.eclipse.m2e.core.internal.Bundles - getClasspathEntries(Bundle=com.google.guava.failureaccess_1.0.3 [1148])
2025-10-14 09:01:26,756 [Worker-22: Launching mavenrun-93173c6d-1302-4d40-aae7-b70d0a3e8b48] INFO  o.eclipse.m2e.core.internal.Bundles - 	Entry: C:\Users\Admin\.p2\pool\plugins\com.google.guava.failureaccess_1.0.3.jar
2025-10-14 09:01:26,759 [Worker-22: Launching mavenrun-93173c6d-1302-4d40-aae7-b70d0a3e8b48] INFO  o.e.m.i.launch.MavenLaunchDelegate - Run build in "C:\Users\Admin\AppData\Local\Temp\m2e-archetypeGenerator8931473036258649":
2025-10-14 09:01:26,765 [Worker-22: Launching mavenrun-93173c6d-1302-4d40-aae7-b70d0a3e8b48] INFO  o.e.m.i.launch.MavenLaunchDelegate -  mvn  -DarchetypeGroupId=org.apache.maven.archetypes -DarchetypeArtifactId=maven-archetype-quickstart -DarchetypeVersion=1.1 -DgroupId=com.hibernate -DartifactId=HibernateCore -Dversion=0.0.1-SNAPSHOT -Dpackage=com.hibernate -DoutputDirectory="C:\Users\Admin\JAVA TTS 8-30" -Dstyle.color=always -U archetype:generate
2025-10-14 09:01:45,368 [Worker-23: Creating maven-archetype-quickstart] INFO  o.e.m.c.i.p.ProjectConfigurationManager - Collecting project info '/pom.xml' C:\Users\Admin\JAVA TTS 8-30\HibernateCore\pom.xml
2025-10-14 09:01:45,939 [Worker-23: Creating maven-archetype-quickstart] INFO  o.e.m.c.i.l.LifecycleMappingFactory - Using org.eclipse.m2e.jdt.JarLifecycleMapping lifecycle mapping for MavenProject: com.hibernate:HibernateCore:0.0.1-SNAPSHOT @ C:\Users\Admin\JAVA TTS 8-30\HibernateCore\pom.xml.
2025-10-14 09:01:46,492 [Worker-23: Creating maven-archetype-quickstart] INFO  o.e.m.j.i.AbstractJavaProjectConfigurator - Adding source folder /HibernateCore/src/main/java
2025-10-14 09:01:46,494 [Worker-23: Creating maven-archetype-quickstart] INFO  o.e.m.j.i.AbstractJavaProjectConfigurator - Adding resource folder /HibernateCore/src/main/resources
2025-10-14 09:01:46,498 [Worker-23: Creating maven-archetype-quickstart] INFO  o.e.m.j.i.AbstractJavaProjectConfigurator - Adding source folder /HibernateCore/src/test/java
2025-10-14 09:01:46,499 [Worker-23: Creating maven-archetype-quickstart] INFO  o.e.m.j.i.AbstractJavaProjectConfigurator - Adding resource folder /HibernateCore/src/test/resources
2025-10-14 09:01:46,577 [Worker-23: Creating maven-archetype-quickstart] INFO  o.e.m.c.i.p.ProjectConfigurationManager - Imported and configured 1 project(s) in 1 sec
2025-10-14 09:01:46,984 [Worker-24: Building] INFO  o.a.m.s.f.DefaultMavenResourcesFiltering - skip non existing resourceDirectory C:\Users\Admin\JAVA TTS 8-30\HibernateCore\src\main\resources
2025-10-14 09:01:46,987 [Worker-24: Building] INFO  o.a.m.s.f.DefaultMavenResourcesFiltering - skip non existing resourceDirectory C:\Users\Admin\JAVA TTS 8-30\HibernateCore\src\test\resources
2025-10-14 09:04:25,944 [Worker-27: Building] INFO  o.e.m.c.i.l.LifecycleMappingFactory - Using org.eclipse.m2e.jdt.JarLifecycleMapping lifecycle mapping for MavenProject: com.hibernate:HibernateCore:0.0.1-SNAPSHOT @ C:\Users\Admin\JAVA TTS 8-30\HibernateCore\pom.xml.
2025-10-14 09:04:26,075 [Worker-27: Building] INFO  o.e.m.c.i.e.AbstractTransferListenerAdapter - Downloading https://repo.maven.apache.org/maven2/com/google/protobuf/protobuf-java/3.21.9/protobuf-java-3.21.9.pom
2025-10-14 09:04:26,083 [Worker-27: Building] INFO  o.e.m.c.i.e.AbstractTransferListenerAdapter - Downloaded https://repo.maven.apache.org/maven2/com/google/protobuf/protobuf-java/3.21.9/protobuf-java-3.21.9.pom
2025-10-14 09:04:26,127 [Worker-27: Building] INFO  o.e.m.c.i.e.AbstractTransferListenerAdapter - Downloading https://repo.maven.apache.org/maven2/com/google/protobuf/protobuf-parent/3.21.9/protobuf-parent-3.21.9.pom
2025-10-14 09:04:26,133 [Worker-27: Building] INFO  o.e.m.c.i.e.AbstractTransferListenerAdapter - Downloaded https://repo.maven.apache.org/maven2/com/google/protobuf/protobuf-parent/3.21.9/protobuf-parent-3.21.9.pom
2025-10-14 09:04:26,181 [Worker-27: Building] INFO  o.e.m.c.i.e.AbstractTransferListenerAdapter - Downloading https://repo.maven.apache.org/maven2/com/google/protobuf/protobuf-bom/3.21.9/protobuf-bom-3.21.9.pom
2025-10-14 09:04:26,186 [Worker-27: Building] INFO  o.e.m.c.i.e.AbstractTransferListenerAdapter - Downloaded https://repo.maven.apache.org/maven2/com/google/protobuf/protobuf-bom/3.21.9/protobuf-bom-3.21.9.pom
2025-10-14 09:04:26,194 [Worker-27: Building] WARN  o.e.m.c.i.embedder.EclipseLogger - The artifact mysql:mysql-connector-java:jar:8.0.33 has been relocated to com.mysql:mysql-connector-j:jar:8.0.33: MySQL Connector/J artifacts moved to reverse-DNS compliant Maven 2+ coordinates.
2025-10-14 09:04:26,251 [Worker-27: Building] INFO  o.e.m.c.i.e.AbstractTransferListenerAdapter - Downloading https://repo.maven.apache.org/maven2/com/google/protobuf/protobuf-java/3.21.9/protobuf-java-3.21.9.jar
2025-10-14 09:04:26,428 [Worker-27: Building] INFO  o.e.m.c.i.e.AbstractTransferListenerAdapter - Downloaded https://repo.maven.apache.org/maven2/com/google/protobuf/protobuf-java/3.21.9/protobuf-java-3.21.9.jar
2025-10-14 09:04:26,564 [Worker-27: Building] INFO  o.a.m.s.f.DefaultMavenResourcesFiltering - skip non existing resourceDirectory C:\Users\Admin\JAVA TTS 8-30\HibernateCore\src\main\resources
2025-10-14 09:04:26,567 [Worker-27: Building] INFO  o.a.m.s.f.DefaultMavenResourcesFiltering - skip non existing resourceDirectory C:\Users\Admin\JAVA TTS 8-30\HibernateCore\src\test\resources
2025-10-14 09:04:27,253 [Worker-29: Building] INFO  o.a.m.s.f.DefaultMavenResourcesFiltering - skip non existing resourceDirectory C:\Users\Admin\JAVA TTS 8-30\HibernateCore\src\main\resources
2025-10-14 09:04:27,255 [Worker-29: Building] INFO  o.a.m.s.f.DefaultMavenResourcesFiltering - skip non existing resourceDirectory C:\Users\Admin\JAVA TTS 8-30\HibernateCore\src\test\resources
2025-10-14 09:04:27,561 [Worker-28: Download sources and javadoc] INFO  o.e.m.c.i.e.AbstractTransferListenerAdapter - Downloading https://repo.maven.apache.org/maven2/com/google/protobuf/protobuf-java/3.21.9/protobuf-java-3.21.9-sources.jar
2025-10-14 09:04:27,659 [Worker-28: Download sources and javadoc] INFO  o.e.m.c.i.e.AbstractTransferListenerAdapter - Downloaded https://repo.maven.apache.org/maven2/com/google/protobuf/protobuf-java/3.21.9/protobuf-java-3.21.9-sources.jar
2025-10-14 09:04:27,664 [Worker-28: Download sources and javadoc] INFO  o.e.m.j.internal.DownloadSourcesJob - Downloaded sources for com.google.protobuf:protobuf-java:3.21.9
2025-10-14 09:04:35,422 [Worker-29: Building] INFO  o.e.m.c.i.l.LifecycleMappingFactory - Using org.eclipse.m2e.jdt.JarLifecycleMapping lifecycle mapping for MavenProject: com.hibernate:HibernateCore:0.0.1-SNAPSHOT @ C:\Users\Admin\JAVA TTS 8-30\HibernateCore\pom.xml.
2025-10-14 09:04:35,438 [Worker-29: Building] WARN  o.e.m.c.i.embedder.EclipseLogger - The artifact mysql:mysql-connector-java:jar:8.0.33 has been relocated to com.mysql:mysql-connector-j:jar:8.0.33: MySQL Connector/J artifacts moved to reverse-DNS compliant Maven 2+ coordinates.
2025-10-14 09:04:35,530 [Worker-29: Building] INFO  o.a.m.s.f.DefaultMavenResourcesFiltering - skip non existing resourceDirectory C:\Users\Admin\JAVA TTS 8-30\HibernateCore\src\main\resources
2025-10-14 09:04:35,533 [Worker-29: Building] INFO  o.a.m.s.f.DefaultMavenResourcesFiltering - skip non existing resourceDirectory C:\Users\Admin\JAVA TTS 8-30\HibernateCore\src\test\resources
2025-10-14 09:04:37,059 [Worker-18: Building] INFO  o.e.m.c.i.l.LifecycleMappingFactory - Using org.eclipse.m2e.jdt.JarLifecycleMapping lifecycle mapping for MavenProject: com.hibernate:HibernateCore:0.0.1-SNAPSHOT @ C:\Users\Admin\JAVA TTS 8-30\HibernateCore\pom.xml.
2025-10-14 09:04:37,076 [Worker-18: Building] WARN  o.e.m.c.i.embedder.EclipseLogger - The artifact mysql:mysql-connector-java:jar:8.0.33 has been relocated to com.mysql:mysql-connector-j:jar:8.0.33: MySQL Connector/J artifacts moved to reverse-DNS compliant Maven 2+ coordinates.
2025-10-14 09:04:37,173 [Worker-18: Building] INFO  o.a.m.s.f.DefaultMavenResourcesFiltering - skip non existing resourceDirectory C:\Users\Admin\JAVA TTS 8-30\HibernateCore\src\main\resources
2025-10-14 09:04:37,176 [Worker-18: Building] INFO  o.a.m.s.f.DefaultMavenResourcesFiltering - skip non existing resourceDirectory C:\Users\Admin\JAVA TTS 8-30\HibernateCore\src\test\resources
2025-10-14 09:06:38,647 [Worker-29: Building] INFO  o.e.m.c.i.l.LifecycleMappingFactory - Using org.eclipse.m2e.jdt.JarLifecycleMapping lifecycle mapping for MavenProject: com.hibernate:HibernateCore:0.0.1-SNAPSHOT @ C:\Users\Admin\JAVA TTS 8-30\HibernateCore\pom.xml.
2025-10-14 09:06:38,725 [Worker-29: Building] INFO  o.e.m.c.i.e.AbstractTransferListenerAdapter - Downloading https://repo.maven.apache.org/maven2/org/hibernate/hibernate-core/7.1.4.Final/hibernate-core-7.1.4.Final.pom
2025-10-14 09:06:38,729 [Worker-29: Building] INFO  o.e.m.c.i.e.AbstractTransferListenerAdapter - Downloaded https://repo.maven.apache.org/maven2/org/hibernate/hibernate-core/7.1.4.Final/hibernate-core-7.1.4.Final.pom
2025-10-14 09:06:38,775 [Worker-29: Building] INFO  o.e.m.c.i.e.AbstractTransferListenerAdapter - Downloading https://repo.maven.apache.org/maven2/org/hibernate/orm/hibernate-core/7.1.4.Final/hibernate-core-7.1.4.Final.pom
2025-10-14 09:06:38,779 [Worker-29: Building] INFO  o.e.m.c.i.e.AbstractTransferListenerAdapter - Downloaded https://repo.maven.apache.org/maven2/org/hibernate/orm/hibernate-core/7.1.4.Final/hibernate-core-7.1.4.Final.pom
2025-10-14 09:06:38,829 [Worker-29: Building] INFO  o.e.m.c.i.e.AbstractTransferListenerAdapter - Downloading https://repo.maven.apache.org/maven2/jakarta/persistence/jakarta.persistence-api/3.2.0/jakarta.persistence-api-3.2.0.pom
2025-10-14 09:06:38,832 [Worker-29: Building] INFO  o.e.m.c.i.e.AbstractTransferListenerAdapter - Downloaded https://repo.maven.apache.org/maven2/jakarta/persistence/jakarta.persistence-api/3.2.0/jakarta.persistence-api-3.2.0.pom
2025-10-14 09:06:38,897 [Worker-29: Building] INFO  o.e.m.c.i.e.AbstractTransferListenerAdapter - Downloading https://repo.maven.apache.org/maven2/org/hibernate/models/hibernate-models/1.0.1/hibernate-models-1.0.1.pom
2025-10-14 09:06:38,901 [Worker-29: Building] INFO  o.e.m.c.i.e.AbstractTransferListenerAdapter - Downloaded https://repo.maven.apache.org/maven2/org/hibernate/models/hibernate-models/1.0.1/hibernate-models-1.0.1.pom
2025-10-14 09:06:38,952 [Worker-29: Building] INFO  o.e.m.c.i.e.AbstractTransferListenerAdapter - Downloading https://repo.maven.apache.org/maven2/org/jboss/logging/jboss-logging/3.5.0.Final/jboss-logging-3.5.0.Final.pom
2025-10-14 09:06:38,957 [Worker-29: Building] INFO  o.e.m.c.i.e.AbstractTransferListenerAdapter - Downloaded https://repo.maven.apache.org/maven2/org/jboss/logging/jboss-logging/3.5.0.Final/jboss-logging-3.5.0.Final.pom
2025-10-14 09:06:39,065 [Worker-29: Building] INFO  o.e.m.c.i.e.AbstractTransferListenerAdapter - Downloading https://repo.maven.apache.org/maven2/org/antlr/antlr4-runtime/4.13.2/antlr4-runtime-4.13.2.pom
2025-10-14 09:06:39,070 [Worker-29: Building] INFO  o.e.m.c.i.e.AbstractTransferListenerAdapter - Downloaded https://repo.maven.apache.org/maven2/org/antlr/antlr4-runtime/4.13.2/antlr4-runtime-4.13.2.pom
2025-10-14 09:06:39,117 [Worker-29: Building] INFO  o.e.m.c.i.e.AbstractTransferListenerAdapter - Downloading https://repo.maven.apache.org/maven2/org/antlr/antlr4-master/4.13.2/antlr4-master-4.13.2.pom
2025-10-14 09:06:39,122 [Worker-29: Building] INFO  o.e.m.c.i.e.AbstractTransferListenerAdapter - Downloaded https://repo.maven.apache.org/maven2/org/antlr/antlr4-master/4.13.2/antlr4-master-4.13.2.pom
2025-10-14 09:06:39,168 [Worker-29: Building] WARN  o.e.m.c.i.embedder.EclipseLogger - The artifact org.hibernate:hibernate-core:pom:7.1.4.Final has been relocated to org.hibernate.orm:hibernate-core:pom:7.1.4.Final
2025-10-14 09:06:39,169 [Worker-29: Building] WARN  o.e.m.c.i.embedder.EclipseLogger - The artifact mysql:mysql-connector-java:jar:8.0.33 has been relocated to com.mysql:mysql-connector-j:jar:8.0.33: MySQL Connector/J artifacts moved to reverse-DNS compliant Maven 2+ coordinates.
2025-10-14 09:06:39,245 [Worker-29: Building] INFO  o.e.m.c.i.e.AbstractTransferListenerAdapter - Downloading https://repo.maven.apache.org/maven2/jakarta/persistence/jakarta.persistence-api/3.2.0/jakarta.persistence-api-3.2.0.jar
2025-10-14 09:06:39,277 [Worker-29: Building] INFO  o.e.m.c.i.e.AbstractTransferListenerAdapter - Downloaded https://repo.maven.apache.org/maven2/jakarta/persistence/jakarta.persistence-api/3.2.0/jakarta.persistence-api-3.2.0.jar
2025-10-14 09:06:39,318 [BasicRepositoryConnector-repo.maven.apache.org-0-1] INFO  o.e.m.c.i.e.AbstractTransferListenerAdapter - Downloading https://repo.maven.apache.org/maven2/org/antlr/antlr4-runtime/4.13.2/antlr4-runtime-4.13.2.jar
2025-10-14 09:06:39,348 [BasicRepositoryConnector-repo.maven.apache.org-0-1] INFO  o.e.m.c.i.e.AbstractTransferListenerAdapter - Downloaded https://repo.maven.apache.org/maven2/org/antlr/antlr4-runtime/4.13.2/antlr4-runtime-4.13.2.jar
2025-10-14 09:06:39,393 [BasicRepositoryConnector-repo.maven.apache.org-0-0] INFO  o.e.m.c.i.e.AbstractTransferListenerAdapter - Downloading https://repo.maven.apache.org/maven2/org/hibernate/models/hibernate-models/1.0.1/hibernate-models-1.0.1.jar
2025-10-14 09:06:39,445 [BasicRepositoryConnector-repo.maven.apache.org-0-0] INFO  o.e.m.c.i.e.AbstractTransferListenerAdapter - Downloaded https://repo.maven.apache.org/maven2/org/hibernate/models/hibernate-models/1.0.1/hibernate-models-1.0.1.jar
2025-10-14 09:06:39,560 [Worker-29: Building] INFO  o.a.m.s.f.DefaultMavenResourcesFiltering - skip non existing resourceDirectory C:\Users\Admin\JAVA TTS 8-30\HibernateCore\src\main\resources
2025-10-14 09:06:39,562 [Worker-29: Building] INFO  o.a.m.s.f.DefaultMavenResourcesFiltering - skip non existing resourceDirectory C:\Users\Admin\JAVA TTS 8-30\HibernateCore\src\test\resources
2025-10-14 09:06:40,073 [Worker-30: Building] INFO  o.a.m.s.f.DefaultMavenResourcesFiltering - skip non existing resourceDirectory C:\Users\Admin\JAVA TTS 8-30\HibernateCore\src\main\resources
2025-10-14 09:06:40,076 [Worker-30: Building] INFO  o.a.m.s.f.DefaultMavenResourcesFiltering - skip non existing resourceDirectory C:\Users\Admin\JAVA TTS 8-30\HibernateCore\src\test\resources
2025-10-14 09:06:40,569 [Worker-31: Download sources and javadoc] INFO  o.e.m.c.i.e.AbstractTransferListenerAdapter - Downloading https://repo.maven.apache.org/maven2/jakarta/persistence/jakarta.persistence-api/3.2.0/jakarta.persistence-api-3.2.0-sources.jar
2025-10-14 09:06:40,626 [Worker-31: Download sources and javadoc] INFO  o.e.m.c.i.e.AbstractTransferListenerAdapter - Downloaded https://repo.maven.apache.org/maven2/jakarta/persistence/jakarta.persistence-api/3.2.0/jakarta.persistence-api-3.2.0-sources.jar
2025-10-14 09:06:40,630 [Worker-31: Download sources and javadoc] INFO  o.e.m.j.internal.DownloadSourcesJob - Downloaded sources for jakarta.persistence:jakarta.persistence-api:3.2.0
2025-10-14 09:06:40,720 [Worker-31: Download sources and javadoc] INFO  o.e.m.c.i.e.AbstractTransferListenerAdapter - Downloading https://repo.maven.apache.org/maven2/org/hibernate/models/hibernate-models/1.0.1/hibernate-models-1.0.1-sources.jar
2025-10-14 09:06:40,754 [Worker-31: Download sources and javadoc] INFO  o.e.m.c.i.e.AbstractTransferListenerAdapter - Downloaded https://repo.maven.apache.org/maven2/org/hibernate/models/hibernate-models/1.0.1/hibernate-models-1.0.1-sources.jar
2025-10-14 09:06:40,759 [Worker-31: Download sources and javadoc] INFO  o.e.m.j.internal.DownloadSourcesJob - Downloaded sources for org.hibernate.models:hibernate-models:1.0.1
2025-10-14 09:06:40,881 [Worker-31: Download sources and javadoc] INFO  o.e.m.c.i.e.AbstractTransferListenerAdapter - Downloading https://repo.maven.apache.org/maven2/org/antlr/antlr4-runtime/4.13.2/antlr4-runtime-4.13.2-sources.jar
2025-10-14 09:06:40,939 [Worker-31: Download sources and javadoc] INFO  o.e.m.c.i.e.AbstractTransferListenerAdapter - Downloaded https://repo.maven.apache.org/maven2/org/antlr/antlr4-runtime/4.13.2/antlr4-runtime-4.13.2-sources.jar
2025-10-14 09:06:40,943 [Worker-31: Download sources and javadoc] INFO  o.e.m.j.internal.DownloadSourcesJob - Downloaded sources for org.antlr:antlr4-runtime:4.13.2
2025-10-14 09:13:41,570 [main] INFO  org.hibernate.cfg.Environment - Hibernate 3.5.6-Final
2025-10-14 09:13:41,577 [main] INFO  org.hibernate.cfg.Environment - hibernate.properties not found
2025-10-14 09:13:41,581 [main] INFO  org.hibernate.cfg.Environment - Bytecode provider name : javassist
2025-10-14 09:13:41,590 [main] INFO  org.hibernate.cfg.Environment - using JDK 1.4 java.sql.Timestamp handling
2025-10-14 09:14:38,502 [Worker-40: Building] INFO  o.a.m.s.f.DefaultMavenResourcesFiltering - skip non existing resourceDirectory C:\Users\Admin\JAVA TTS 8-30\HibernateCore\src\main\resources
2025-10-14 09:14:38,504 [Worker-40: Building] INFO  o.a.m.s.f.DefaultMavenResourcesFiltering - skip non existing resourceDirectory C:\Users\Admin\JAVA TTS 8-30\HibernateCore\src\test\resources
2025-10-14 09:15:42,563 [Worker-61: Building] INFO  o.a.m.s.f.DefaultMavenResourcesFiltering - skip non existing resourceDirectory C:\Users\Admin\JAVA TTS 8-30\HibernateCore\src\main\resources
2025-10-14 09:15:42,565 [Worker-61: Building] INFO  o.a.m.s.f.DefaultMavenResourcesFiltering - skip non existing resourceDirectory C:\Users\Admin\JAVA TTS 8-30\HibernateCore\src\test\resources
2025-10-14 09:16:15,374 [Worker-62: Building] INFO  o.a.m.s.f.DefaultMavenResourcesFiltering - skip non existing resourceDirectory C:\Users\Admin\JAVA TTS 8-30\HibernateCore\src\main\resources
2025-10-14 09:16:15,376 [Worker-62: Building] INFO  o.a.m.s.f.DefaultMavenResourcesFiltering - skip non existing resourceDirectory C:\Users\Admin\JAVA TTS 8-30\HibernateCore\src\test\resources
2025-10-16 08:39:17,112 [Worker-0: Loading available Gradle versions] INFO  o.e.b.c.i.u.g.PublishedGradleVersions - Gradle version information cache is out-of-date. Trying to update.
2025-10-16 08:39:29,324 [Worker-11: Building] WARN  o.e.m.c.i.embedder.EclipseLogger - The artifact org.hibernate:hibernate-core:pom:7.1.4.Final has been relocated to org.hibernate.orm:hibernate-core:pom:7.1.4.Final
2025-10-16 08:39:29,328 [Worker-11: Building] WARN  o.e.m.c.i.embedder.EclipseLogger - The artifact mysql:mysql-connector-java:jar:8.0.33 has been relocated to com.mysql:mysql-connector-j:jar:8.0.33: MySQL Connector/J artifacts moved to reverse-DNS compliant Maven 2+ coordinates.
2025-10-16 08:39:29,689 [Worker-11: Building] INFO  o.a.m.s.f.DefaultMavenResourcesFiltering - skip non existing resourceDirectory C:\Users\Admin\JAVA TTS 8-30\HibernateCore\src\main\resources
2025-10-16 08:39:29,695 [Worker-11: Building] INFO  o.a.m.s.f.DefaultMavenResourcesFiltering - skip non existing resourceDirectory C:\Users\Admin\JAVA TTS 8-30\HibernateCore\src\test\resources
2025-10-16 08:40:07,746 [Worker-21: Launching mavenrun-c0c75937-efeb-4163-a0a6-50f6bbcc69dd] INFO  o.eclipse.m2e.core.internal.Bundles - getClasspathEntries(Bundle=org.eclipse.m2e.maven.runtime_3.9.700.20240602-2313 [642])
2025-10-16 08:40:07,748 [Worker-21: Launching mavenrun-c0c75937-efeb-4163-a0a6-50f6bbcc69dd] INFO  o.eclipse.m2e.core.internal.Bundles - 	Entry: C:\Users\Admin\.p2\pool\plugins\org.eclipse.m2e.maven.runtime_3.9.700.20240602-2313
2025-10-16 08:40:07,748 [Worker-21: Launching mavenrun-c0c75937-efeb-4163-a0a6-50f6bbcc69dd] INFO  o.eclipse.m2e.core.internal.Bundles - 	Entry: C:\Users\Admin\.p2\pool\plugins\org.eclipse.m2e.maven.runtime_3.9.700.20240602-2313\jars\aopalliance-1.0.jar
2025-10-16 08:40:07,748 [Worker-21: Launching mavenrun-c0c75937-efeb-4163-a0a6-50f6bbcc69dd] INFO  o.eclipse.m2e.core.internal.Bundles - 	Entry: C:\Users\Admin\.p2\pool\plugins\org.eclipse.m2e.maven.runtime_3.9.700.20240602-2313\jars\guice-5.1.0.jar
2025-10-16 08:40:07,748 [Worker-21: Launching mavenrun-c0c75937-efeb-4163-a0a6-50f6bbcc69dd] INFO  o.eclipse.m2e.core.internal.Bundles - 	Entry: C:\Users\Admin\.p2\pool\plugins\org.eclipse.m2e.maven.runtime_3.9.700.20240602-2313\jars\httpclient-4.5.14.jar
2025-10-16 08:40:07,749 [Worker-21: Launching mavenrun-c0c75937-efeb-4163-a0a6-50f6bbcc69dd] INFO  o.eclipse.m2e.core.internal.Bundles - 	Entry: C:\Users\Admin\.p2\pool\plugins\org.eclipse.m2e.maven.runtime_3.9.700.20240602-2313\jars\httpcore-4.4.16.jar
2025-10-16 08:40:07,749 [Worker-21: Launching mavenrun-c0c75937-efeb-4163-a0a6-50f6bbcc69dd] INFO  o.eclipse.m2e.core.internal.Bundles - 	Entry: C:\Users\Admin\.p2\pool\plugins\org.eclipse.m2e.maven.runtime_3.9.700.20240602-2313\jars\jansi-2.4.1.jar
2025-10-16 08:40:07,749 [Worker-21: Launching mavenrun-c0c75937-efeb-4163-a0a6-50f6bbcc69dd] INFO  o.eclipse.m2e.core.internal.Bundles - 	Entry: C:\Users\Admin\.p2\pool\plugins\org.eclipse.m2e.maven.runtime_3.9.700.20240602-2313\jars\jcl-over-slf4j-1.7.36.jar
2025-10-16 08:40:07,749 [Worker-21: Launching mavenrun-c0c75937-efeb-4163-a0a6-50f6bbcc69dd] INFO  o.eclipse.m2e.core.internal.Bundles - 	Entry: C:\Users\Admin\.p2\pool\plugins\org.eclipse.m2e.maven.runtime_3.9.700.20240602-2313\jars\maven-artifact-3.9.7.jar
2025-10-16 08:40:07,749 [Worker-21: Launching mavenrun-c0c75937-efeb-4163-a0a6-50f6bbcc69dd] INFO  o.eclipse.m2e.core.internal.Bundles - 	Entry: C:\Users\Admin\.p2\pool\plugins\org.eclipse.m2e.maven.runtime_3.9.700.20240602-2313\jars\maven-builder-support-3.9.7.jar
2025-10-16 08:40:07,750 [Worker-21: Launching mavenrun-c0c75937-efeb-4163-a0a6-50f6bbcc69dd] INFO  o.eclipse.m2e.core.internal.Bundles - 	Entry: C:\Users\Admin\.p2\pool\plugins\org.eclipse.m2e.maven.runtime_3.9.700.20240602-2313\jars\maven-compat-3.9.7.jar
2025-10-16 08:40:07,750 [Worker-21: Launching mavenrun-c0c75937-efeb-4163-a0a6-50f6bbcc69dd] INFO  o.eclipse.m2e.core.internal.Bundles - 	Entry: C:\Users\Admin\.p2\pool\plugins\org.eclipse.m2e.maven.runtime_3.9.700.20240602-2313\jars\maven-core-3.9.7.jar
2025-10-16 08:40:07,750 [Worker-21: Launching mavenrun-c0c75937-efeb-4163-a0a6-50f6bbcc69dd] INFO  o.eclipse.m2e.core.internal.Bundles - 	Entry: C:\Users\Admin\.p2\pool\plugins\org.eclipse.m2e.maven.runtime_3.9.700.20240602-2313\jars\maven-embedder-3.9.7.jar
2025-10-16 08:40:07,750 [Worker-21: Launching mavenrun-c0c75937-efeb-4163-a0a6-50f6bbcc69dd] INFO  o.eclipse.m2e.core.internal.Bundles - 	Entry: C:\Users\Admin\.p2\pool\plugins\org.eclipse.m2e.maven.runtime_3.9.700.20240602-2313\jars\maven-model-3.9.7.jar
2025-10-16 08:40:07,750 [Worker-21: Launching mavenrun-c0c75937-efeb-4163-a0a6-50f6bbcc69dd] INFO  o.eclipse.m2e.core.internal.Bundles - 	Entry: C:\Users\Admin\.p2\pool\plugins\org.eclipse.m2e.maven.runtime_3.9.700.20240602-2313\jars\maven-model-builder-3.9.7.jar
2025-10-16 08:40:07,751 [Worker-21: Launching mavenrun-c0c75937-efeb-4163-a0a6-50f6bbcc69dd] INFO  o.eclipse.m2e.core.internal.Bundles - 	Entry: C:\Users\Admin\.p2\pool\plugins\org.eclipse.m2e.maven.runtime_3.9.700.20240602-2313\jars\maven-plugin-api-3.9.7.jar
2025-10-16 08:40:07,751 [Worker-21: Launching mavenrun-c0c75937-efeb-4163-a0a6-50f6bbcc69dd] INFO  o.eclipse.m2e.core.internal.Bundles - 	Entry: C:\Users\Admin\.p2\pool\plugins\org.eclipse.m2e.maven.runtime_3.9.700.20240602-2313\jars\maven-repository-metadata-3.9.7.jar
2025-10-16 08:40:07,751 [Worker-21: Launching mavenrun-c0c75937-efeb-4163-a0a6-50f6bbcc69dd] INFO  o.eclipse.m2e.core.internal.Bundles - 	Entry: C:\Users\Admin\.p2\pool\plugins\org.eclipse.m2e.maven.runtime_3.9.700.20240602-2313\jars\maven-resolver-api-1.9.20.jar
2025-10-16 08:40:07,751 [Worker-21: Launching mavenrun-c0c75937-efeb-4163-a0a6-50f6bbcc69dd] INFO  o.eclipse.m2e.core.internal.Bundles - 	Entry: C:\Users\Admin\.p2\pool\plugins\org.eclipse.m2e.maven.runtime_3.9.700.20240602-2313\jars\maven-resolver-connector-basic-1.9.20.jar
2025-10-16 08:40:07,751 [Worker-21: Launching mavenrun-c0c75937-efeb-4163-a0a6-50f6bbcc69dd] INFO  o.eclipse.m2e.core.internal.Bundles - 	Entry: C:\Users\Admin\.p2\pool\plugins\org.eclipse.m2e.maven.runtime_3.9.700.20240602-2313\jars\maven-resolver-impl-1.9.20.jar
2025-10-16 08:40:07,752 [Worker-21: Launching mavenrun-c0c75937-efeb-4163-a0a6-50f6bbcc69dd] INFO  o.eclipse.m2e.core.internal.Bundles - 	Entry: C:\Users\Admin\.p2\pool\plugins\org.eclipse.m2e.maven.runtime_3.9.700.20240602-2313\jars\maven-resolver-named-locks-1.9.20.jar
2025-10-16 08:40:07,752 [Worker-21: Launching mavenrun-c0c75937-efeb-4163-a0a6-50f6bbcc69dd] INFO  o.eclipse.m2e.core.internal.Bundles - 	Entry: C:\Users\Admin\.p2\pool\plugins\org.eclipse.m2e.maven.runtime_3.9.700.20240602-2313\jars\maven-resolver-provider-3.9.7.jar
2025-10-16 08:40:07,752 [Worker-21: Launching mavenrun-c0c75937-efeb-4163-a0a6-50f6bbcc69dd] INFO  o.eclipse.m2e.core.internal.Bundles - 	Entry: C:\Users\Admin\.p2\pool\plugins\org.eclipse.m2e.maven.runtime_3.9.700.20240602-2313\jars\maven-resolver-spi-1.9.20.jar
2025-10-16 08:40:07,752 [Worker-21: Launching mavenrun-c0c75937-efeb-4163-a0a6-50f6bbcc69dd] INFO  o.eclipse.m2e.core.internal.Bundles - 	Entry: C:\Users\Admin\.p2\pool\plugins\org.eclipse.m2e.maven.runtime_3.9.700.20240602-2313\jars\maven-resolver-transport-file-1.9.20.jar
2025-10-16 08:40:07,753 [Worker-21: Launching mavenrun-c0c75937-efeb-4163-a0a6-50f6bbcc69dd] INFO  o.eclipse.m2e.core.internal.Bundles - 	Entry: C:\Users\Admin\.p2\pool\plugins\org.eclipse.m2e.maven.runtime_3.9.700.20240602-2313\jars\maven-resolver-transport-http-1.9.20.jar
2025-10-16 08:40:07,753 [Worker-21: Launching mavenrun-c0c75937-efeb-4163-a0a6-50f6bbcc69dd] INFO  o.eclipse.m2e.core.internal.Bundles - 	Entry: C:\Users\Admin\.p2\pool\plugins\org.eclipse.m2e.maven.runtime_3.9.700.20240602-2313\jars\maven-resolver-transport-wagon-1.9.20.jar
2025-10-16 08:40:07,753 [Worker-21: Launching mavenrun-c0c75937-efeb-4163-a0a6-50f6bbcc69dd] INFO  o.eclipse.m2e.core.internal.Bundles - 	Entry: C:\Users\Admin\.p2\pool\plugins\org.eclipse.m2e.maven.runtime_3.9.700.20240602-2313\jars\maven-resolver-util-1.9.20.jar
2025-10-16 08:40:07,753 [Worker-21: Launching mavenrun-c0c75937-efeb-4163-a0a6-50f6bbcc69dd] INFO  o.eclipse.m2e.core.internal.Bundles - 	Entry: C:\Users\Admin\.p2\pool\plugins\org.eclipse.m2e.maven.runtime_3.9.700.20240602-2313\jars\maven-settings-3.9.7.jar
2025-10-16 08:40:07,753 [Worker-21: Launching mavenrun-c0c75937-efeb-4163-a0a6-50f6bbcc69dd] INFO  o.eclipse.m2e.core.internal.Bundles - 	Entry: C:\Users\Admin\.p2\pool\plugins\org.eclipse.m2e.maven.runtime_3.9.700.20240602-2313\jars\maven-settings-builder-3.9.7.jar
2025-10-16 08:40:07,753 [Worker-21: Launching mavenrun-c0c75937-efeb-4163-a0a6-50f6bbcc69dd] INFO  o.eclipse.m2e.core.internal.Bundles - 	Entry: C:\Users\Admin\.p2\pool\plugins\org.eclipse.m2e.maven.runtime_3.9.700.20240602-2313\jars\maven-shared-utils-3.4.2.jar
2025-10-16 08:40:07,754 [Worker-21: Launching mavenrun-c0c75937-efeb-4163-a0a6-50f6bbcc69dd] INFO  o.eclipse.m2e.core.internal.Bundles - 	Entry: C:\Users\Admin\.p2\pool\plugins\org.eclipse.m2e.maven.runtime_3.9.700.20240602-2313\jars\org.eclipse.sisu.inject-0.9.0.M2.jar
2025-10-16 08:40:07,754 [Worker-21: Launching mavenrun-c0c75937-efeb-4163-a0a6-50f6bbcc69dd] INFO  o.eclipse.m2e.core.internal.Bundles - 	Entry: C:\Users\Admin\.p2\pool\plugins\org.eclipse.m2e.maven.runtime_3.9.700.20240602-2313\jars\org.eclipse.sisu.plexus-0.9.0.M2.jar
2025-10-16 08:40:07,754 [Worker-21: Launching mavenrun-c0c75937-efeb-4163-a0a6-50f6bbcc69dd] INFO  o.eclipse.m2e.core.internal.Bundles - 	Entry: C:\Users\Admin\.p2\pool\plugins\org.eclipse.m2e.maven.runtime_3.9.700.20240602-2313\jars\plexus-build-api-0.0.7.jar
2025-10-16 08:40:07,757 [Worker-21: Launching mavenrun-c0c75937-efeb-4163-a0a6-50f6bbcc69dd] INFO  o.eclipse.m2e.core.internal.Bundles - 	Entry: C:\Users\Admin\.p2\pool\plugins\org.eclipse.m2e.maven.runtime_3.9.700.20240602-2313\jars\plexus-build-api-1.2.0.jar
2025-10-16 08:40:07,758 [Worker-21: Launching mavenrun-c0c75937-efeb-4163-a0a6-50f6bbcc69dd] INFO  o.eclipse.m2e.core.internal.Bundles - 	Entry: C:\Users\Admin\.p2\pool\plugins\org.eclipse.m2e.maven.runtime_3.9.700.20240602-2313\jars\plexus-cipher-2.0.jar
2025-10-16 08:40:07,758 [Worker-21: Launching mavenrun-c0c75937-efeb-4163-a0a6-50f6bbcc69dd] INFO  o.eclipse.m2e.core.internal.Bundles - 	Entry: C:\Users\Admin\.p2\pool\plugins\org.eclipse.m2e.maven.runtime_3.9.700.20240602-2313\jars\plexus-classworlds-2.8.0.jar
2025-10-16 08:40:07,758 [Worker-21: Launching mavenrun-c0c75937-efeb-4163-a0a6-50f6bbcc69dd] INFO  o.eclipse.m2e.core.internal.Bundles - 	Entry: C:\Users\Admin\.p2\pool\plugins\org.eclipse.m2e.maven.runtime_3.9.700.20240602-2313\jars\plexus-component-annotations-2.1.0.jar
2025-10-16 08:40:07,758 [Worker-21: Launching mavenrun-c0c75937-efeb-4163-a0a6-50f6bbcc69dd] INFO  o.eclipse.m2e.core.internal.Bundles - 	Entry: C:\Users\Admin\.p2\pool\plugins\org.eclipse.m2e.maven.runtime_3.9.700.20240602-2313\jars\plexus-interpolation-1.27.jar
2025-10-16 08:40:07,759 [Worker-21: Launching mavenrun-c0c75937-efeb-4163-a0a6-50f6bbcc69dd] INFO  o.eclipse.m2e.core.internal.Bundles - 	Entry: C:\Users\Admin\.p2\pool\plugins\org.eclipse.m2e.maven.runtime_3.9.700.20240602-2313\jars\plexus-sec-dispatcher-2.0.jar
2025-10-16 08:40:07,759 [Worker-21: Launching mavenrun-c0c75937-efeb-4163-a0a6-50f6bbcc69dd] INFO  o.eclipse.m2e.core.internal.Bundles - 	Entry: C:\Users\Admin\.p2\pool\plugins\org.eclipse.m2e.maven.runtime_3.9.700.20240602-2313\jars\plexus-utils-3.5.1.jar
2025-10-16 08:40:07,759 [Worker-21: Launching mavenrun-c0c75937-efeb-4163-a0a6-50f6bbcc69dd] INFO  o.eclipse.m2e.core.internal.Bundles - 	Entry: C:\Users\Admin\.p2\pool\plugins\org.eclipse.m2e.maven.runtime_3.9.700.20240602-2313\jars\wagon-file-3.5.3.jar
2025-10-16 08:40:07,759 [Worker-21: Launching mavenrun-c0c75937-efeb-4163-a0a6-50f6bbcc69dd] INFO  o.eclipse.m2e.core.internal.Bundles - 	Entry: C:\Users\Admin\.p2\pool\plugins\org.eclipse.m2e.maven.runtime_3.9.700.20240602-2313\jars\wagon-http-3.5.3.jar
2025-10-16 08:40:07,760 [Worker-21: Launching mavenrun-c0c75937-efeb-4163-a0a6-50f6bbcc69dd] INFO  o.eclipse.m2e.core.internal.Bundles - 	Entry: C:\Users\Admin\.p2\pool\plugins\org.eclipse.m2e.maven.runtime_3.9.700.20240602-2313\jars\wagon-http-shared-3.5.3.jar
2025-10-16 08:40:07,760 [Worker-21: Launching mavenrun-c0c75937-efeb-4163-a0a6-50f6bbcc69dd] INFO  o.eclipse.m2e.core.internal.Bundles - 	Entry: C:\Users\Admin\.p2\pool\plugins\org.eclipse.m2e.maven.runtime_3.9.700.20240602-2313\jars\wagon-provider-api-3.5.3.jar
2025-10-16 08:40:07,763 [Worker-21: Launching mavenrun-c0c75937-efeb-4163-a0a6-50f6bbcc69dd] INFO  o.eclipse.m2e.core.internal.Bundles - getClasspathEntries(Bundle=com.google.guava_33.4.8.jre [1147])
2025-10-16 08:40:07,763 [Worker-21: Launching mavenrun-c0c75937-efeb-4163-a0a6-50f6bbcc69dd] INFO  o.eclipse.m2e.core.internal.Bundles - 	Entry: C:\Users\Admin\.p2\pool\plugins\com.google.guava_33.4.8.jre.jar
2025-10-16 08:40:07,763 [Worker-21: Launching mavenrun-c0c75937-efeb-4163-a0a6-50f6bbcc69dd] INFO  o.eclipse.m2e.core.internal.Bundles - getClasspathEntries(Bundle=slf4j.api_2.0.17 [1007])
2025-10-16 08:40:07,764 [Worker-21: Launching mavenrun-c0c75937-efeb-4163-a0a6-50f6bbcc69dd] INFO  o.eclipse.m2e.core.internal.Bundles - 	Entry: C:\Users\Admin\.p2\pool\plugins\slf4j.api_2.0.17.jar
2025-10-16 08:40:07,764 [Worker-21: Launching mavenrun-c0c75937-efeb-4163-a0a6-50f6bbcc69dd] INFO  o.eclipse.m2e.core.internal.Bundles - getClasspathEntries(Bundle=javax.inject_1.0.0.v20091030 [1223])
2025-10-16 08:40:07,765 [Worker-21: Launching mavenrun-c0c75937-efeb-4163-a0a6-50f6bbcc69dd] INFO  o.eclipse.m2e.core.internal.Bundles - 	Entry: C:\Users\Admin\.p2\pool\plugins\javax.inject_1.0.0.v20091030.jar
2025-10-16 08:40:07,765 [Worker-21: Launching mavenrun-c0c75937-efeb-4163-a0a6-50f6bbcc69dd] INFO  o.eclipse.m2e.core.internal.Bundles - getClasspathEntries(Bundle=javax.annotation_1.3.5.v20200909-1856 [44])
2025-10-16 08:40:07,765 [Worker-21: Launching mavenrun-c0c75937-efeb-4163-a0a6-50f6bbcc69dd] INFO  o.eclipse.m2e.core.internal.Bundles - 	Entry: C:\Users\Admin\.p2\pool\plugins\javax.annotation_1.3.5.v20200909-1856.jar
2025-10-16 08:40:07,765 [Worker-21: Launching mavenrun-c0c75937-efeb-4163-a0a6-50f6bbcc69dd] INFO  o.eclipse.m2e.core.internal.Bundles - getClasspathEntries(Bundle=org.apache.commons.cli_1.9.0 [1161])
2025-10-16 08:40:07,766 [Worker-21: Launching mavenrun-c0c75937-efeb-4163-a0a6-50f6bbcc69dd] INFO  o.eclipse.m2e.core.internal.Bundles - 	Entry: C:\Users\Admin\.p2\pool\plugins\org.apache.commons.cli_1.9.0.jar
2025-10-16 08:40:07,766 [Worker-21: Launching mavenrun-c0c75937-efeb-4163-a0a6-50f6bbcc69dd] INFO  o.eclipse.m2e.core.internal.Bundles - getClasspathEntries(Bundle=org.apache.commons.commons-codec_1.16.0 [81])
2025-10-16 08:40:07,767 [Worker-21: Launching mavenrun-c0c75937-efeb-4163-a0a6-50f6bbcc69dd] INFO  o.eclipse.m2e.core.internal.Bundles - 	Entry: C:\Users\Admin\.p2\pool\plugins\org.apache.commons.commons-codec_1.16.0.jar
2025-10-16 08:40:07,767 [Worker-21: Launching mavenrun-c0c75937-efeb-4163-a0a6-50f6bbcc69dd] INFO  o.eclipse.m2e.core.internal.Bundles - getClasspathEntries(Bundle=org.apache.commons.lang3_3.17.0 [1064])
2025-10-16 08:40:07,767 [Worker-21: Launching mavenrun-c0c75937-efeb-4163-a0a6-50f6bbcc69dd] INFO  o.eclipse.m2e.core.internal.Bundles - 	Entry: C:\Users\Admin\.p2\pool\plugins\org.apache.commons.lang3_3.17.0.jar
2025-10-16 08:40:07,767 [Worker-21: Launching mavenrun-c0c75937-efeb-4163-a0a6-50f6bbcc69dd] INFO  o.eclipse.m2e.core.internal.Bundles - getClasspathEntries(Bundle=com.google.guava.failureaccess_1.0.3 [1148])
2025-10-16 08:40:07,768 [Worker-21: Launching mavenrun-c0c75937-efeb-4163-a0a6-50f6bbcc69dd] INFO  o.eclipse.m2e.core.internal.Bundles - 	Entry: C:\Users\Admin\.p2\pool\plugins\com.google.guava.failureaccess_1.0.3.jar
2025-10-16 08:40:07,772 [Worker-21: Launching mavenrun-c0c75937-efeb-4163-a0a6-50f6bbcc69dd] INFO  o.e.m.i.launch.MavenLaunchDelegate - Run build in "C:\Users\Admin\AppData\Local\Temp\m2e-archetypeGenerator2699664831788806539":
2025-10-16 08:40:07,776 [Worker-21: Launching mavenrun-c0c75937-efeb-4163-a0a6-50f6bbcc69dd] INFO  o.e.m.i.launch.MavenLaunchDelegate -  mvn  -DarchetypeGroupId=org.apache.maven.archetypes -DarchetypeArtifactId=maven-archetype-quickstart -DarchetypeVersion=1.1 -DgroupId=com.hibernate -DartifactId=HibernateCore -Dversion=0.0.1-SNAPSHOT -Dpackage=com.hibernate -DoutputDirectory="C:\Users\Admin\JAVA TTS 8-30" -Dstyle.color=always -U archetype:generate
2025-10-16 08:40:18,063 [Worker-1: Creating maven-archetype-quickstart] INFO  o.e.m.c.i.p.ProjectConfigurationManager - Collecting project info '/pom.xml' C:\Users\Admin\JAVA TTS 8-30\HibernateCore\pom.xml
2025-10-16 08:40:18,410 [Worker-1: Creating maven-archetype-quickstart] INFO  o.e.m.c.i.l.LifecycleMappingFactory - Using org.eclipse.m2e.jdt.JarLifecycleMapping lifecycle mapping for MavenProject: com.hibernate:HibernateCore:0.0.1-SNAPSHOT @ C:\Users\Admin\JAVA TTS 8-30\HibernateCore\pom.xml.
2025-10-16 08:40:18,932 [Worker-1: Creating maven-archetype-quickstart] INFO  o.e.m.j.i.AbstractJavaProjectConfigurator - Adding source folder /HibernateCore/src/main/java
2025-10-16 08:40:18,934 [Worker-1: Creating maven-archetype-quickstart] INFO  o.e.m.j.i.AbstractJavaProjectConfigurator - Adding resource folder /HibernateCore/src/main/resources
2025-10-16 08:40:18,937 [Worker-1: Creating maven-archetype-quickstart] INFO  o.e.m.j.i.AbstractJavaProjectConfigurator - Adding source folder /HibernateCore/src/test/java
2025-10-16 08:40:18,938 [Worker-1: Creating maven-archetype-quickstart] INFO  o.e.m.j.i.AbstractJavaProjectConfigurator - Adding resource folder /HibernateCore/src/test/resources
2025-10-16 08:40:19,015 [Worker-1: Creating maven-archetype-quickstart] INFO  o.e.m.c.i.p.ProjectConfigurationManager - Imported and configured 1 project(s) in 0 sec
2025-10-16 08:40:19,831 [Worker-11: Building] INFO  o.a.m.s.f.DefaultMavenResourcesFiltering - skip non existing resourceDirectory C:\Users\Admin\JAVA TTS 8-30\HibernateCore\src\main\resources
2025-10-16 08:40:19,834 [Worker-11: Building] INFO  o.a.m.s.f.DefaultMavenResourcesFiltering - skip non existing resourceDirectory C:\Users\Admin\JAVA TTS 8-30\HibernateCore\src\test\resources
2025-10-16 08:40:54,983 [Worker-10: Building] INFO  o.e.m.c.i.l.LifecycleMappingFactory - Using org.eclipse.m2e.jdt.JarLifecycleMapping lifecycle mapping for MavenProject: com.hibernate:HibernateCore:0.0.1-SNAPSHOT @ C:\Users\Admin\JAVA TTS 8-30\HibernateCore\pom.xml.
2025-10-16 08:40:55,105 [Worker-10: Building] INFO  o.a.m.s.f.DefaultMavenResourcesFiltering - skip non existing resourceDirectory C:\Users\Admin\JAVA TTS 8-30\HibernateCore\src\main\resources
2025-10-16 08:40:55,109 [Worker-10: Building] INFO  o.a.m.s.f.DefaultMavenResourcesFiltering - skip non existing resourceDirectory C:\Users\Admin\JAVA TTS 8-30\HibernateCore\src\test\resources
2025-10-16 08:41:36,731 [Worker-4: Building] INFO  o.e.m.c.i.l.LifecycleMappingFactory - Using org.eclipse.m2e.jdt.JarLifecycleMapping lifecycle mapping for MavenProject: com.hibernate:HibernateCore:0.0.1-SNAPSHOT @ C:\Users\Admin\JAVA TTS 8-30\HibernateCore\pom.xml.
2025-10-16 08:41:36,852 [Worker-4: Building] WARN  o.e.m.c.i.embedder.EclipseLogger - The artifact mysql:mysql-connector-java:jar:8.0.33 has been relocated to com.mysql:mysql-connector-j:jar:8.0.33: MySQL Connector/J artifacts moved to reverse-DNS compliant Maven 2+ coordinates.
2025-10-16 08:41:36,853 [Worker-4: Building] WARN  o.e.m.c.i.embedder.EclipseLogger - The artifact org.hibernate:hibernate-core:pom:7.1.4.Final has been relocated to org.hibernate.orm:hibernate-core:pom:7.1.4.Final
2025-10-16 08:41:37,105 [Worker-4: Building] INFO  o.a.m.s.f.DefaultMavenResourcesFiltering - skip non existing resourceDirectory C:\Users\Admin\JAVA TTS 8-30\HibernateCore\src\main\resources
2025-10-16 08:41:37,110 [Worker-4: Building] INFO  o.a.m.s.f.DefaultMavenResourcesFiltering - skip non existing resourceDirectory C:\Users\Admin\JAVA TTS 8-30\HibernateCore\src\test\resources
2025-10-16 08:41:37,767 [Worker-17: Building] INFO  o.a.m.s.f.DefaultMavenResourcesFiltering - skip non existing resourceDirectory C:\Users\Admin\JAVA TTS 8-30\HibernateCore\src\main\resources
2025-10-16 08:41:37,771 [Worker-17: Building] INFO  o.a.m.s.f.DefaultMavenResourcesFiltering - skip non existing resourceDirectory C:\Users\Admin\JAVA TTS 8-30\HibernateCore\src\test\resources
2025-10-16 08:42:17,486 [main] INFO  org.hibernate.cfg.Environment - Hibernate 3.5.6-Final
2025-10-16 08:42:17,505 [main] INFO  org.hibernate.cfg.Environment - hibernate.properties not found
2025-10-16 08:42:17,510 [main] INFO  org.hibernate.cfg.Environment - Bytecode provider name : javassist
2025-10-16 08:42:17,516 [main] INFO  org.hibernate.cfg.Environment - using JDK 1.4 java.sql.Timestamp handling
2025-10-16 08:43:17,611 [Worker-21: Building] INFO  o.a.m.s.f.DefaultMavenResourcesFiltering - skip non existing resourceDirectory C:\Users\Admin\JAVA TTS 8-30\HibernateCore\src\main\resources
2025-10-16 08:43:17,614 [Worker-21: Building] INFO  o.a.m.s.f.DefaultMavenResourcesFiltering - skip non existing resourceDirectory C:\Users\Admin\JAVA TTS 8-30\HibernateCore\src\test\resources
2025-10-16 08:43:45,454 [Worker-7: Building] INFO  o.a.m.s.f.DefaultMavenResourcesFiltering - skip non existing resourceDirectory C:\Users\Admin\JAVA TTS 8-30\HibernateCore\src\main\resources
2025-10-16 08:43:45,456 [Worker-7: Building] INFO  o.a.m.s.f.DefaultMavenResourcesFiltering - skip non existing resourceDirectory C:\Users\Admin\JAVA TTS 8-30\HibernateCore\src\test\resources
2025-10-16 08:44:34,280 [Worker-7: Building] INFO  o.a.m.s.f.DefaultMavenResourcesFiltering - skip non existing resourceDirectory C:\Users\Admin\JAVA TTS 8-30\HibernateCore\src\main\resources
2025-10-16 08:44:34,283 [Worker-7: Building] INFO  o.a.m.s.f.DefaultMavenResourcesFiltering - skip non existing resourceDirectory C:\Users\Admin\JAVA TTS 8-30\HibernateCore\src\test\resources
2025-10-16 08:44:44,315 [Worker-2: Building] INFO  o.a.m.s.f.DefaultMavenResourcesFiltering - skip non existing resourceDirectory C:\Users\Admin\JAVA TTS 8-30\HibernateCore\src\main\resources
2025-10-16 08:44:44,317 [Worker-2: Building] INFO  o.a.m.s.f.DefaultMavenResourcesFiltering - skip non existing resourceDirectory C:\Users\Admin\JAVA TTS 8-30\HibernateCore\src\test\resources
2025-10-16 08:45:16,769 [Worker-17: Building] INFO  o.a.m.s.f.DefaultMavenResourcesFiltering - skip non existing resourceDirectory C:\Users\Admin\JAVA TTS 8-30\HibernateCore\src\main\resources
2025-10-16 08:45:16,772 [Worker-17: Building] INFO  o.a.m.s.f.DefaultMavenResourcesFiltering - skip non existing resourceDirectory C:\Users\Admin\JAVA TTS 8-30\HibernateCore\src\test\resources
2025-10-16 08:45:43,812 [Worker-21: Building] INFO  o.a.m.s.f.DefaultMavenResourcesFiltering - skip non existing resourceDirectory C:\Users\Admin\JAVA TTS 8-30\HibernateCore\src\main\resources
2025-10-16 08:45:43,814 [Worker-21: Building] INFO  o.a.m.s.f.DefaultMavenResourcesFiltering - skip non existing resourceDirectory C:\Users\Admin\JAVA TTS 8-30\HibernateCore\src\test\resources
2025-10-16 08:45:52,152 [Worker-3: Building] INFO  o.a.m.s.f.DefaultMavenResourcesFiltering - skip non existing resourceDirectory C:\Users\Admin\JAVA TTS 8-30\HibernateCore\src\main\resources
2025-10-16 08:45:52,153 [Worker-3: Building] INFO  o.a.m.s.f.DefaultMavenResourcesFiltering - skip non existing resourceDirectory C:\Users\Admin\JAVA TTS 8-30\HibernateCore\src\test\resources
2025-10-16 08:46:29,027 [Worker-5: Building] INFO  o.a.m.s.f.DefaultMavenResourcesFiltering - skip non existing resourceDirectory C:\Users\Admin\JAVA TTS 8-30\HibernateCore\src\main\resources
2025-10-16 08:46:29,028 [Worker-5: Building] INFO  o.a.m.s.f.DefaultMavenResourcesFiltering - skip non existing resourceDirectory C:\Users\Admin\JAVA TTS 8-30\HibernateCore\src\test\resources
2025-10-16 08:47:40,560 [Worker-3: Building] INFO  o.a.m.s.f.DefaultMavenResourcesFiltering - skip non existing resourceDirectory C:\Users\Admin\JAVA TTS 8-30\HibernateCore\src\main\resources
2025-10-16 08:47:40,563 [Worker-3: Building] INFO  o.a.m.s.f.DefaultMavenResourcesFiltering - skip non existing resourceDirectory C:\Users\Admin\JAVA TTS 8-30\HibernateCore\src\test\resources
2025-10-16 08:48:23,390 [Worker-0: Building] INFO  o.a.m.s.f.DefaultMavenResourcesFiltering - skip non existing resourceDirectory C:\Users\Admin\JAVA TTS 8-30\HibernateCore\src\main\resources
2025-10-16 08:48:23,392 [Worker-0: Building] INFO  o.a.m.s.f.DefaultMavenResourcesFiltering - skip non existing resourceDirectory C:\Users\Admin\JAVA TTS 8-30\HibernateCore\src\test\resources
2025-10-16 08:48:25,880 [Worker-20: Building] INFO  o.a.m.s.f.DefaultMavenResourcesFiltering - skip non existing resourceDirectory C:\Users\Admin\JAVA TTS 8-30\HibernateCore\src\main\resources
2025-10-16 08:48:25,883 [Worker-20: Building] INFO  o.a.m.s.f.DefaultMavenResourcesFiltering - skip non existing resourceDirectory C:\Users\Admin\JAVA TTS 8-30\HibernateCore\src\test\resources
2025-10-16 08:48:57,130 [Worker-3: Building] INFO  o.a.m.s.f.DefaultMavenResourcesFiltering - skip non existing resourceDirectory C:\Users\Admin\JAVA TTS 8-30\HibernateCore\src\main\resources
2025-10-16 08:48:57,132 [Worker-3: Building] INFO  o.a.m.s.f.DefaultMavenResourcesFiltering - skip non existing resourceDirectory C:\Users\Admin\JAVA TTS 8-30\HibernateCore\src\test\resources
2025-10-16 08:49:13,765 [Worker-3: Building] INFO  o.a.m.s.f.DefaultMavenResourcesFiltering - skip non existing resourceDirectory C:\Users\Admin\JAVA TTS 8-30\HibernateCore\src\main\resources
2025-10-16 08:49:13,767 [Worker-3: Building] INFO  o.a.m.s.f.DefaultMavenResourcesFiltering - skip non existing resourceDirectory C:\Users\Admin\JAVA TTS 8-30\HibernateCore\src\test\resources
2025-10-16 08:49:21,556 [Worker-21: Building] INFO  o.a.m.s.f.DefaultMavenResourcesFiltering - skip non existing resourceDirectory C:\Users\Admin\JAVA TTS 8-30\HibernateCore\src\main\resources
2025-10-16 08:49:21,558 [Worker-21: Building] INFO  o.a.m.s.f.DefaultMavenResourcesFiltering - skip non existing resourceDirectory C:\Users\Admin\JAVA TTS 8-30\HibernateCore\src\test\resources
2025-10-16 08:49:32,271 [Worker-7: Building] INFO  o.a.m.s.f.DefaultMavenResourcesFiltering - skip non existing resourceDirectory C:\Users\Admin\JAVA TTS 8-30\HibernateCore\src\main\resources
2025-10-16 08:49:32,272 [Worker-7: Building] INFO  o.a.m.s.f.DefaultMavenResourcesFiltering - skip non existing resourceDirectory C:\Users\Admin\JAVA TTS 8-30\HibernateCore\src\test\resources
2025-10-16 08:50:35,374 [Worker-16: Building] INFO  o.a.m.s.f.DefaultMavenResourcesFiltering - skip non existing resourceDirectory C:\Users\Admin\JAVA TTS 8-30\HibernateCore\src\main\resources
2025-10-16 08:50:35,376 [Worker-16: Building] INFO  o.a.m.s.f.DefaultMavenResourcesFiltering - skip non existing resourceDirectory C:\Users\Admin\JAVA TTS 8-30\HibernateCore\src\test\resources
2025-10-16 08:50:36,775 [Worker-3: Building] INFO  o.a.m.s.f.DefaultMavenResourcesFiltering - skip non existing resourceDirectory C:\Users\Admin\JAVA TTS 8-30\HibernateCore\src\main\resources
2025-10-16 08:50:36,778 [Worker-3: Building] INFO  o.a.m.s.f.DefaultMavenResourcesFiltering - skip non existing resourceDirectory C:\Users\Admin\JAVA TTS 8-30\HibernateCore\src\test\resources
2025-10-16 08:50:40,877 [Worker-20: Building] INFO  o.a.m.s.f.DefaultMavenResourcesFiltering - skip non existing resourceDirectory C:\Users\Admin\JAVA TTS 8-30\HibernateCore\src\main\resources
2025-10-16 08:50:40,878 [Worker-20: Building] INFO  o.a.m.s.f.DefaultMavenResourcesFiltering - skip non existing resourceDirectory C:\Users\Admin\JAVA TTS 8-30\HibernateCore\src\test\resources
2025-10-16 08:53:56,368 [Worker-19: Building] INFO  o.a.m.s.f.DefaultMavenResourcesFiltering - skip non existing resourceDirectory C:\Users\Admin\JAVA TTS 8-30\HibernateCore\src\main\resources
2025-10-16 08:53:56,370 [Worker-19: Building] INFO  o.a.m.s.f.DefaultMavenResourcesFiltering - skip non existing resourceDirectory C:\Users\Admin\JAVA TTS 8-30\HibernateCore\src\test\resources
2025-10-16 08:54:01,259 [Worker-19: Building] INFO  o.a.m.s.f.DefaultMavenResourcesFiltering - skip non existing resourceDirectory C:\Users\Admin\JAVA TTS 8-30\HibernateCore\src\main\resources
2025-10-16 08:54:01,260 [Worker-19: Building] INFO  o.a.m.s.f.DefaultMavenResourcesFiltering - skip non existing resourceDirectory C:\Users\Admin\JAVA TTS 8-30\HibernateCore\src\test\resources
2025-10-16 08:54:58,852 [Worker-2: Building] INFO  o.e.m.c.i.l.LifecycleMappingFactory - Using org.eclipse.m2e.jdt.JarLifecycleMapping lifecycle mapping for MavenProject: com.hibernate:HibernateCore:0.0.1-SNAPSHOT @ C:\Users\Admin\JAVA TTS 8-30\HibernateCore\pom.xml.
2025-10-16 08:54:58,961 [Worker-2: Building] WARN  o.e.m.c.i.embedder.EclipseLogger - The artifact mysql:mysql-connector-java:jar:8.0.33 has been relocated to com.mysql:mysql-connector-j:jar:8.0.33: MySQL Connector/J artifacts moved to reverse-DNS compliant Maven 2+ coordinates.
2025-10-16 08:54:58,962 [Worker-2: Building] WARN  o.e.m.c.i.embedder.EclipseLogger - The artifact org.hibernate:hibernate-core:jar:7.1.4.Final has been relocated to org.hibernate.orm:hibernate-core:jar:7.1.4.Final
2025-10-16 08:54:59,338 [Worker-2: Building] INFO  o.e.m.c.i.e.AbstractTransferListenerAdapter - Downloading https://repo.maven.apache.org/maven2/org/hibernate/orm/hibernate-core/7.1.4.Final/hibernate-core-7.1.4.Final.jar
2025-10-16 08:55:01,008 [Worker-2: Building] INFO  o.e.m.c.i.e.AbstractTransferListenerAdapter - Downloaded https://repo.maven.apache.org/maven2/org/hibernate/orm/hibernate-core/7.1.4.Final/hibernate-core-7.1.4.Final.jar
2025-10-16 08:55:01,150 [Worker-2: Building] INFO  o.a.m.s.f.DefaultMavenResourcesFiltering - skip non existing resourceDirectory C:\Users\Admin\JAVA TTS 8-30\HibernateCore\src\main\resources
2025-10-16 08:55:01,154 [Worker-2: Building] INFO  o.a.m.s.f.DefaultMavenResourcesFiltering - skip non existing resourceDirectory C:\Users\Admin\JAVA TTS 8-30\HibernateCore\src\test\resources
2025-10-16 08:55:02,116 [Worker-7: Download sources and javadoc] INFO  o.e.m.c.i.e.AbstractTransferListenerAdapter - Downloading https://repo.maven.apache.org/maven2/org/hibernate/orm/hibernate-core/7.1.4.Final/hibernate-core-7.1.4.Final-sources.jar
2025-10-16 08:55:02,667 [Worker-4: Building] INFO  o.a.m.s.f.DefaultMavenResourcesFiltering - skip non existing resourceDirectory C:\Users\Admin\JAVA TTS 8-30\HibernateCore\src\main\resources
2025-10-16 08:55:02,669 [Worker-4: Building] INFO  o.a.m.s.f.DefaultMavenResourcesFiltering - skip non existing resourceDirectory C:\Users\Admin\JAVA TTS 8-30\HibernateCore\src\test\resources
2025-10-16 08:55:02,835 [Worker-7: Download sources and javadoc] INFO  o.e.m.c.i.e.AbstractTransferListenerAdapter - Downloaded https://repo.maven.apache.org/maven2/org/hibernate/orm/hibernate-core/7.1.4.Final/hibernate-core-7.1.4.Final-sources.jar
2025-10-16 08:55:02,839 [Worker-7: Download sources and javadoc] INFO  o.e.m.j.internal.DownloadSourcesJob - Downloaded sources for org.hibernate.orm:hibernate-core:7.1.4.Final
2025-10-16 08:55:50,337 [Worker-2: Building] INFO  o.a.m.s.f.DefaultMavenResourcesFiltering - skip non existing resourceDirectory C:\Users\Admin\JAVA TTS 8-30\HibernateCore\src\main\resources
2025-10-16 08:55:50,339 [Worker-2: Building] INFO  o.a.m.s.f.DefaultMavenResourcesFiltering - skip non existing resourceDirectory C:\Users\Admin\JAVA TTS 8-30\HibernateCore\src\test\resources
2025-10-16 08:56:07,416 [Worker-7: Building] INFO  o.a.m.s.f.DefaultMavenResourcesFiltering - skip non existing resourceDirectory C:\Users\Admin\JAVA TTS 8-30\HibernateCore\src\main\resources
2025-10-16 08:56:07,417 [Worker-7: Building] INFO  o.a.m.s.f.DefaultMavenResourcesFiltering - skip non existing resourceDirectory C:\Users\Admin\JAVA TTS 8-30\HibernateCore\src\test\resources
2025-10-16 08:56:09,704 [Worker-7: Building] INFO  o.a.m.s.f.DefaultMavenResourcesFiltering - skip non existing resourceDirectory C:\Users\Admin\JAVA TTS 8-30\HibernateCore\src\main\resources
2025-10-16 08:56:09,706 [Worker-7: Building] INFO  o.a.m.s.f.DefaultMavenResourcesFiltering - skip non existing resourceDirectory C:\Users\Admin\JAVA TTS 8-30\HibernateCore\src\test\resources
2025-10-16 08:56:44,428 [Worker-2: Building] INFO  o.a.m.s.f.DefaultMavenResourcesFiltering - skip non existing resourceDirectory C:\Users\Admin\JAVA TTS 8-30\HibernateCore\src\main\resources
2025-10-16 08:56:44,430 [Worker-2: Building] INFO  o.a.m.s.f.DefaultMavenResourcesFiltering - skip non existing resourceDirectory C:\Users\Admin\JAVA TTS 8-30\HibernateCore\src\test\resources
2025-10-16 08:57:23,839 [Worker-21: Building] INFO  o.a.m.s.f.DefaultMavenResourcesFiltering - skip non existing resourceDirectory C:\Users\Admin\JAVA TTS 8-30\HibernateCore\src\main\resources
2025-10-16 08:57:23,840 [Worker-21: Building] INFO  o.a.m.s.f.DefaultMavenResourcesFiltering - skip non existing resourceDirectory C:\Users\Admin\JAVA TTS 8-30\HibernateCore\src\test\resources
2025-10-16 08:57:27,073 [Worker-14: Building] INFO  o.a.m.s.f.DefaultMavenResourcesFiltering - skip non existing resourceDirectory C:\Users\Admin\JAVA TTS 8-30\HibernateCore\src\main\resources
2025-10-16 08:57:27,074 [Worker-14: Building] INFO  o.a.m.s.f.DefaultMavenResourcesFiltering - skip non existing resourceDirectory C:\Users\Admin\JAVA TTS 8-30\HibernateCore\src\test\resources
2025-10-16 08:57:36,037 [Worker-16: Building] INFO  o.a.m.s.f.DefaultMavenResourcesFiltering - skip non existing resourceDirectory C:\Users\Admin\JAVA TTS 8-30\HibernateCore\src\main\resources
2025-10-16 08:57:36,039 [Worker-16: Building] INFO  o.a.m.s.f.DefaultMavenResourcesFiltering - skip non existing resourceDirectory C:\Users\Admin\JAVA TTS 8-30\HibernateCore\src\test\resources
2025-10-16 08:57:50,580 [Worker-7: Building] INFO  o.a.m.s.f.DefaultMavenResourcesFiltering - skip non existing resourceDirectory C:\Users\Admin\JAVA TTS 8-30\HibernateCore\src\main\resources
2025-10-16 08:57:50,582 [Worker-7: Building] INFO  o.a.m.s.f.DefaultMavenResourcesFiltering - skip non existing resourceDirectory C:\Users\Admin\JAVA TTS 8-30\HibernateCore\src\test\resources
2025-10-16 08:57:53,949 [Worker-16: Building] INFO  o.a.m.s.f.DefaultMavenResourcesFiltering - skip non existing resourceDirectory C:\Users\Admin\JAVA TTS 8-30\HibernateCore\src\main\resources
2025-10-16 08:57:53,951 [Worker-16: Building] INFO  o.a.m.s.f.DefaultMavenResourcesFiltering - skip non existing resourceDirectory C:\Users\Admin\JAVA TTS 8-30\HibernateCore\src\test\resources
2025-10-16 08:58:24,061 [Worker-20: Building] INFO  o.a.m.s.f.DefaultMavenResourcesFiltering - skip non existing resourceDirectory C:\Users\Admin\JAVA TTS 8-30\HibernateCore\src\main\resources
2025-10-16 08:58:24,063 [Worker-20: Building] INFO  o.a.m.s.f.DefaultMavenResourcesFiltering - skip non existing resourceDirectory C:\Users\Admin\JAVA TTS 8-30\HibernateCore\src\test\resources
2025-10-16 08:58:32,928 [Worker-2: Building] INFO  o.a.m.s.f.DefaultMavenResourcesFiltering - skip non existing resourceDirectory C:\Users\Admin\JAVA TTS 8-30\HibernateCore\src\main\resources
2025-10-16 08:58:32,929 [Worker-2: Building] INFO  o.a.m.s.f.DefaultMavenResourcesFiltering - skip non existing resourceDirectory C:\Users\Admin\JAVA TTS 8-30\HibernateCore\src\test\resources
2025-10-16 09:01:04,125 [Worker-20: Building] INFO  o.a.m.s.f.DefaultMavenResourcesFiltering - skip non existing resourceDirectory C:\Users\Admin\JAVA TTS 8-30\HibernateCore\src\main\resources
2025-10-16 09:01:04,127 [Worker-20: Building] INFO  o.a.m.s.f.DefaultMavenResourcesFiltering - skip non existing resourceDirectory C:\Users\Admin\JAVA TTS 8-30\HibernateCore\src\test\resources
2025-10-16 09:01:17,769 [Worker-2: Building] INFO  o.a.m.s.f.DefaultMavenResourcesFiltering - skip non existing resourceDirectory C:\Users\Admin\JAVA TTS 8-30\HibernateCore\src\main\resources
2025-10-16 09:01:17,770 [Worker-2: Building] INFO  o.a.m.s.f.DefaultMavenResourcesFiltering - skip non existing resourceDirectory C:\Users\Admin\JAVA TTS 8-30\HibernateCore\src\test\resources
2025-10-16 09:01:18,939 [Worker-16: Building] INFO  o.a.m.s.f.DefaultMavenResourcesFiltering - skip non existing resourceDirectory C:\Users\Admin\JAVA TTS 8-30\HibernateCore\src\main\resources
2025-10-16 09:01:18,940 [Worker-16: Building] INFO  o.a.m.s.f.DefaultMavenResourcesFiltering - skip non existing resourceDirectory C:\Users\Admin\JAVA TTS 8-30\HibernateCore\src\test\resources
2025-10-16 09:01:46,782 [Worker-17: Building] INFO  o.e.m.c.i.l.LifecycleMappingFactory - Using org.eclipse.m2e.jdt.JarLifecycleMapping lifecycle mapping for MavenProject: com.hibernate:HibernateCore:0.0.1-SNAPSHOT @ C:\Users\Admin\JAVA TTS 8-30\HibernateCore\pom.xml.
2025-10-16 09:01:46,879 [Worker-17: Building] INFO  o.e.m.c.i.e.AbstractTransferListenerAdapter - Downloading https://repo.maven.apache.org/maven2/org/hibernate/hibernate-core/5.4.10.Final/hibernate-core-5.4.10.Final.pom
2025-10-16 09:01:46,883 [Worker-17: Building] INFO  o.e.m.c.i.e.AbstractTransferListenerAdapter - Downloaded https://repo.maven.apache.org/maven2/org/hibernate/hibernate-core/5.4.10.Final/hibernate-core-5.4.10.Final.pom
2025-10-16 09:01:46,927 [Worker-17: Building] INFO  o.e.m.c.i.e.AbstractTransferListenerAdapter - Downloading https://repo.maven.apache.org/maven2/org/jboss/logging/jboss-logging/3.3.2.Final/jboss-logging-3.3.2.Final.pom
2025-10-16 09:01:46,931 [Worker-17: Building] INFO  o.e.m.c.i.e.AbstractTransferListenerAdapter - Downloaded https://repo.maven.apache.org/maven2/org/jboss/logging/jboss-logging/3.3.2.Final/jboss-logging-3.3.2.Final.pom
2025-10-16 09:01:46,981 [Worker-17: Building] INFO  o.e.m.c.i.e.AbstractTransferListenerAdapter - Downloading https://repo.maven.apache.org/maven2/org/jboss/jboss-parent/15/jboss-parent-15.pom
2025-10-16 09:01:46,986 [Worker-17: Building] INFO  o.e.m.c.i.e.AbstractTransferListenerAdapter - Downloaded https://repo.maven.apache.org/maven2/org/jboss/jboss-parent/15/jboss-parent-15.pom
2025-10-16 09:01:47,034 [Worker-17: Building] INFO  o.e.m.c.i.e.AbstractTransferListenerAdapter - Downloading https://repo.maven.apache.org/maven2/javax/persistence/javax.persistence-api/2.2/javax.persistence-api-2.2.pom
2025-10-16 09:01:47,038 [Worker-17: Building] INFO  o.e.m.c.i.e.AbstractTransferListenerAdapter - Downloaded https://repo.maven.apache.org/maven2/javax/persistence/javax.persistence-api/2.2/javax.persistence-api-2.2.pom
2025-10-16 09:01:47,081 [Worker-17: Building] INFO  o.e.m.c.i.e.AbstractTransferListenerAdapter - Downloading https://repo.maven.apache.org/maven2/net/java/jvnet-parent/5/jvnet-parent-5.pom
2025-10-16 09:01:47,086 [Worker-17: Building] INFO  o.e.m.c.i.e.AbstractTransferListenerAdapter - Downloaded https://repo.maven.apache.org/maven2/net/java/jvnet-parent/5/jvnet-parent-5.pom
2025-10-16 09:01:47,149 [Worker-17: Building] INFO  o.e.m.c.i.e.AbstractTransferListenerAdapter - Downloading https://repo.maven.apache.org/maven2/org/javassist/javassist/3.24.0-GA/javassist-3.24.0-GA.pom
2025-10-16 09:01:47,154 [Worker-17: Building] INFO  o.e.m.c.i.e.AbstractTransferListenerAdapter - Downloaded https://repo.maven.apache.org/maven2/org/javassist/javassist/3.24.0-GA/javassist-3.24.0-GA.pom
2025-10-16 09:01:47,198 [Worker-17: Building] INFO  o.e.m.c.i.e.AbstractTransferListenerAdapter - Downloading https://repo.maven.apache.org/maven2/net/bytebuddy/byte-buddy/1.10.2/byte-buddy-1.10.2.pom
2025-10-16 09:01:47,202 [Worker-17: Building] INFO  o.e.m.c.i.e.AbstractTransferListenerAdapter - Downloaded https://repo.maven.apache.org/maven2/net/bytebuddy/byte-buddy/1.10.2/byte-buddy-1.10.2.pom
2025-10-16 09:01:47,334 [Worker-17: Building] INFO  o.e.m.c.i.e.AbstractTransferListenerAdapter - Downloading https://repo.maven.apache.org/maven2/net/bytebuddy/byte-buddy-parent/1.10.2/byte-buddy-parent-1.10.2.pom
2025-10-16 09:01:47,353 [Worker-17: Building] INFO  o.e.m.c.i.e.AbstractTransferListenerAdapter - Downloaded https://repo.maven.apache.org/maven2/net/bytebuddy/byte-buddy-parent/1.10.2/byte-buddy-parent-1.10.2.pom
2025-10-16 09:01:47,396 [Worker-17: Building] INFO  o.e.m.c.i.e.AbstractTransferListenerAdapter - Downloading https://repo.maven.apache.org/maven2/org/jboss/spec/javax/transaction/jboss-transaction-api_1.2_spec/1.1.1.Final/jboss-transaction-api_1.2_spec-1.1.1.Final.pom
2025-10-16 09:01:47,399 [Worker-17: Building] INFO  o.e.m.c.i.e.AbstractTransferListenerAdapter - Downloaded https://repo.maven.apache.org/maven2/org/jboss/spec/javax/transaction/jboss-transaction-api_1.2_spec/1.1.1.Final/jboss-transaction-api_1.2_spec-1.1.1.Final.pom
2025-10-16 09:01:47,447 [Worker-17: Building] INFO  o.e.m.c.i.e.AbstractTransferListenerAdapter - Downloading https://repo.maven.apache.org/maven2/org/jboss/jboss-parent/25/jboss-parent-25.pom
2025-10-16 09:01:47,451 [Worker-17: Building] INFO  o.e.m.c.i.e.AbstractTransferListenerAdapter - Downloaded https://repo.maven.apache.org/maven2/org/jboss/jboss-parent/25/jboss-parent-25.pom
2025-10-16 09:01:47,525 [Worker-17: Building] INFO  o.e.m.c.i.e.AbstractTransferListenerAdapter - Downloading https://repo.maven.apache.org/maven2/org/jboss/jandex/2.1.1.Final/jandex-2.1.1.Final.pom
2025-10-16 09:01:47,529 [Worker-17: Building] INFO  o.e.m.c.i.e.AbstractTransferListenerAdapter - Downloaded https://repo.maven.apache.org/maven2/org/jboss/jandex/2.1.1.Final/jandex-2.1.1.Final.pom
2025-10-16 09:01:47,582 [Worker-17: Building] INFO  o.e.m.c.i.e.AbstractTransferListenerAdapter - Downloading https://repo.maven.apache.org/maven2/javax/activation/javax.activation-api/1.2.0/javax.activation-api-1.2.0.pom
2025-10-16 09:01:47,585 [Worker-17: Building] INFO  o.e.m.c.i.e.AbstractTransferListenerAdapter - Downloaded https://repo.maven.apache.org/maven2/javax/activation/javax.activation-api/1.2.0/javax.activation-api-1.2.0.pom
2025-10-16 09:01:47,632 [Worker-17: Building] INFO  o.e.m.c.i.e.AbstractTransferListenerAdapter - Downloading https://repo.maven.apache.org/maven2/com/sun/activation/all/1.2.0/all-1.2.0.pom
2025-10-16 09:01:47,636 [Worker-17: Building] INFO  o.e.m.c.i.e.AbstractTransferListenerAdapter - Downloaded https://repo.maven.apache.org/maven2/com/sun/activation/all/1.2.0/all-1.2.0.pom
2025-10-16 09:01:47,684 [Worker-17: Building] INFO  o.e.m.c.i.e.AbstractTransferListenerAdapter - Downloading https://repo.maven.apache.org/maven2/net/java/jvnet-parent/1/jvnet-parent-1.pom
2025-10-16 09:01:47,688 [Worker-17: Building] INFO  o.e.m.c.i.e.AbstractTransferListenerAdapter - Downloaded https://repo.maven.apache.org/maven2/net/java/jvnet-parent/1/jvnet-parent-1.pom
2025-10-16 09:01:47,737 [Worker-17: Building] INFO  o.e.m.c.i.e.AbstractTransferListenerAdapter - Downloading https://repo.maven.apache.org/maven2/org/dom4j/dom4j/2.1.1/dom4j-2.1.1.pom
2025-10-16 09:01:47,740 [Worker-17: Building] INFO  o.e.m.c.i.e.AbstractTransferListenerAdapter - Downloaded https://repo.maven.apache.org/maven2/org/dom4j/dom4j/2.1.1/dom4j-2.1.1.pom
2025-10-16 09:01:47,791 [Worker-17: Building] INFO  o.e.m.c.i.e.AbstractTransferListenerAdapter - Downloading https://repo.maven.apache.org/maven2/org/hibernate/common/hibernate-commons-annotations/5.1.0.Final/hibernate-commons-annotations-5.1.0.Final.pom
2025-10-16 09:01:47,795 [Worker-17: Building] INFO  o.e.m.c.i.e.AbstractTransferListenerAdapter - Downloaded https://repo.maven.apache.org/maven2/org/hibernate/common/hibernate-commons-annotations/5.1.0.Final/hibernate-commons-annotations-5.1.0.Final.pom
2025-10-16 09:01:47,842 [Worker-17: Building] INFO  o.e.m.c.i.e.AbstractTransferListenerAdapter - Downloading https://repo.maven.apache.org/maven2/javax/xml/bind/jaxb-api/2.3.1/jaxb-api-2.3.1.pom
2025-10-16 09:01:47,847 [Worker-17: Building] INFO  o.e.m.c.i.e.AbstractTransferListenerAdapter - Downloaded https://repo.maven.apache.org/maven2/javax/xml/bind/jaxb-api/2.3.1/jaxb-api-2.3.1.pom
2025-10-16 09:01:47,892 [Worker-17: Building] INFO  o.e.m.c.i.e.AbstractTransferListenerAdapter - Downloading https://repo.maven.apache.org/maven2/javax/xml/bind/jaxb-api-parent/2.3.1/jaxb-api-parent-2.3.1.pom
2025-10-16 09:01:47,899 [Worker-17: Building] INFO  o.e.m.c.i.e.AbstractTransferListenerAdapter - Downloaded https://repo.maven.apache.org/maven2/javax/xml/bind/jaxb-api-parent/2.3.1/jaxb-api-parent-2.3.1.pom
2025-10-16 09:01:47,977 [Worker-17: Building] INFO  o.e.m.c.i.e.AbstractTransferListenerAdapter - Downloading https://repo.maven.apache.org/maven2/org/glassfish/jaxb/jaxb-runtime/2.3.1/jaxb-runtime-2.3.1.pom
2025-10-16 09:01:47,981 [Worker-17: Building] INFO  o.e.m.c.i.e.AbstractTransferListenerAdapter - Downloaded https://repo.maven.apache.org/maven2/org/glassfish/jaxb/jaxb-runtime/2.3.1/jaxb-runtime-2.3.1.pom
2025-10-16 09:01:48,138 [Worker-17: Building] INFO  o.e.m.c.i.e.AbstractTransferListenerAdapter - Downloading https://repo.maven.apache.org/maven2/com/sun/xml/bind/mvn/jaxb-runtime-parent/2.3.1/jaxb-runtime-parent-2.3.1.pom
2025-10-16 09:01:48,143 [Worker-17: Building] INFO  o.e.m.c.i.e.AbstractTransferListenerAdapter - Downloaded https://repo.maven.apache.org/maven2/com/sun/xml/bind/mvn/jaxb-runtime-parent/2.3.1/jaxb-runtime-parent-2.3.1.pom
2025-10-16 09:01:48,201 [Worker-17: Building] INFO  o.e.m.c.i.e.AbstractTransferListenerAdapter - Downloading https://repo.maven.apache.org/maven2/com/sun/xml/bind/mvn/jaxb-parent/2.3.1/jaxb-parent-2.3.1.pom
2025-10-16 09:01:48,205 [Worker-17: Building] INFO  o.e.m.c.i.e.AbstractTransferListenerAdapter - Downloaded https://repo.maven.apache.org/maven2/com/sun/xml/bind/mvn/jaxb-parent/2.3.1/jaxb-parent-2.3.1.pom
2025-10-16 09:01:48,262 [Worker-17: Building] INFO  o.e.m.c.i.e.AbstractTransferListenerAdapter - Downloading https://repo.maven.apache.org/maven2/com/sun/xml/bind/jaxb-bom-ext/2.3.1/jaxb-bom-ext-2.3.1.pom
2025-10-16 09:01:48,266 [Worker-17: Building] INFO  o.e.m.c.i.e.AbstractTransferListenerAdapter - Downloaded https://repo.maven.apache.org/maven2/com/sun/xml/bind/jaxb-bom-ext/2.3.1/jaxb-bom-ext-2.3.1.pom
2025-10-16 09:01:48,307 [Worker-17: Building] INFO  o.e.m.c.i.e.AbstractTransferListenerAdapter - Downloading https://repo.maven.apache.org/maven2/org/glassfish/jaxb/jaxb-bom/2.3.1/jaxb-bom-2.3.1.pom
2025-10-16 09:01:48,310 [Worker-17: Building] INFO  o.e.m.c.i.e.AbstractTransferListenerAdapter - Downloaded https://repo.maven.apache.org/maven2/org/glassfish/jaxb/jaxb-bom/2.3.1/jaxb-bom-2.3.1.pom
2025-10-16 09:01:48,382 [Worker-17: Building] INFO  o.e.m.c.i.e.AbstractTransferListenerAdapter - Downloading https://repo.maven.apache.org/maven2/org/glassfish/jaxb/txw2/2.3.1/txw2-2.3.1.pom
2025-10-16 09:01:48,387 [Worker-17: Building] INFO  o.e.m.c.i.e.AbstractTransferListenerAdapter - Downloaded https://repo.maven.apache.org/maven2/org/glassfish/jaxb/txw2/2.3.1/txw2-2.3.1.pom
2025-10-16 09:01:48,431 [Worker-17: Building] INFO  o.e.m.c.i.e.AbstractTransferListenerAdapter - Downloading https://repo.maven.apache.org/maven2/com/sun/xml/bind/mvn/jaxb-txw-parent/2.3.1/jaxb-txw-parent-2.3.1.pom
2025-10-16 09:01:48,434 [Worker-17: Building] INFO  o.e.m.c.i.e.AbstractTransferListenerAdapter - Downloaded https://repo.maven.apache.org/maven2/com/sun/xml/bind/mvn/jaxb-txw-parent/2.3.1/jaxb-txw-parent-2.3.1.pom
2025-10-16 09:01:48,477 [Worker-17: Building] INFO  o.e.m.c.i.e.AbstractTransferListenerAdapter - Downloading https://repo.maven.apache.org/maven2/com/sun/istack/istack-commons-runtime/3.0.7/istack-commons-runtime-3.0.7.pom
2025-10-16 09:01:48,482 [Worker-17: Building] INFO  o.e.m.c.i.e.AbstractTransferListenerAdapter - Downloaded https://repo.maven.apache.org/maven2/com/sun/istack/istack-commons-runtime/3.0.7/istack-commons-runtime-3.0.7.pom
2025-10-16 09:01:48,530 [Worker-17: Building] INFO  o.e.m.c.i.e.AbstractTransferListenerAdapter - Downloading https://repo.maven.apache.org/maven2/com/sun/istack/istack-commons/3.0.7/istack-commons-3.0.7.pom
2025-10-16 09:01:48,533 [Worker-17: Building] INFO  o.e.m.c.i.e.AbstractTransferListenerAdapter - Downloaded https://repo.maven.apache.org/maven2/com/sun/istack/istack-commons/3.0.7/istack-commons-3.0.7.pom
2025-10-16 09:01:48,576 [Worker-17: Building] INFO  o.e.m.c.i.e.AbstractTransferListenerAdapter - Downloading https://repo.maven.apache.org/maven2/org/jvnet/staxex/stax-ex/1.8/stax-ex-1.8.pom
2025-10-16 09:01:48,579 [Worker-17: Building] INFO  o.e.m.c.i.e.AbstractTransferListenerAdapter - Downloaded https://repo.maven.apache.org/maven2/org/jvnet/staxex/stax-ex/1.8/stax-ex-1.8.pom
2025-10-16 09:01:48,618 [Worker-17: Building] INFO  o.e.m.c.i.e.AbstractTransferListenerAdapter - Downloading https://repo.maven.apache.org/maven2/com/sun/xml/fastinfoset/FastInfoset/1.2.15/FastInfoset-1.2.15.pom
2025-10-16 09:01:48,623 [Worker-17: Building] INFO  o.e.m.c.i.e.AbstractTransferListenerAdapter - Downloaded https://repo.maven.apache.org/maven2/com/sun/xml/fastinfoset/FastInfoset/1.2.15/FastInfoset-1.2.15.pom
2025-10-16 09:01:48,670 [Worker-17: Building] INFO  o.e.m.c.i.e.AbstractTransferListenerAdapter - Downloading https://repo.maven.apache.org/maven2/com/sun/xml/fastinfoset/fastinfoset-project/1.2.15/fastinfoset-project-1.2.15.pom
2025-10-16 09:01:48,674 [Worker-17: Building] INFO  o.e.m.c.i.e.AbstractTransferListenerAdapter - Downloaded https://repo.maven.apache.org/maven2/com/sun/xml/fastinfoset/fastinfoset-project/1.2.15/fastinfoset-project-1.2.15.pom
2025-10-16 09:01:48,678 [Worker-17: Building] WARN  o.e.m.c.i.embedder.EclipseLogger - The artifact mysql:mysql-connector-java:jar:8.0.33 has been relocated to com.mysql:mysql-connector-j:jar:8.0.33: MySQL Connector/J artifacts moved to reverse-DNS compliant Maven 2+ coordinates.
2025-10-16 09:01:48,732 [Worker-17: Building] INFO  o.e.m.c.i.e.AbstractTransferListenerAdapter - Downloading https://repo.maven.apache.org/maven2/org/hibernate/hibernate-core/5.4.10.Final/hibernate-core-5.4.10.Final.jar
2025-10-16 09:01:49,379 [Worker-17: Building] INFO  o.e.m.c.i.e.AbstractTransferListenerAdapter - Downloaded https://repo.maven.apache.org/maven2/org/hibernate/hibernate-core/5.4.10.Final/hibernate-core-5.4.10.Final.jar
2025-10-16 09:01:49,417 [BasicRepositoryConnector-repo.maven.apache.org-0-3] INFO  o.e.m.c.i.e.AbstractTransferListenerAdapter - Downloading https://repo.maven.apache.org/maven2/net/bytebuddy/byte-buddy/1.10.2/byte-buddy-1.10.2.jar
2025-10-16 09:01:49,466 [BasicRepositoryConnector-repo.maven.apache.org-0-2] INFO  o.e.m.c.i.e.AbstractTransferListenerAdapter - Downloading https://repo.maven.apache.org/maven2/org/javassist/javassist/3.24.0-GA/javassist-3.24.0-GA.jar
2025-10-16 09:01:49,472 [BasicRepositoryConnector-repo.maven.apache.org-0-4] INFO  o.e.m.c.i.e.AbstractTransferListenerAdapter - Downloading https://repo.maven.apache.org/maven2/org/jboss/spec/javax/transaction/jboss-transaction-api_1.2_spec/1.1.1.Final/jboss-transaction-api_1.2_spec-1.1.1.Final.jar
2025-10-16 09:01:49,479 [BasicRepositoryConnector-repo.maven.apache.org-0-4] INFO  o.e.m.c.i.e.AbstractTransferListenerAdapter - Downloaded https://repo.maven.apache.org/maven2/org/jboss/spec/javax/transaction/jboss-transaction-api_1.2_spec/1.1.1.Final/jboss-transaction-api_1.2_spec-1.1.1.Final.jar
2025-10-16 09:01:49,505 [BasicRepositoryConnector-repo.maven.apache.org-0-1] INFO  o.e.m.c.i.e.AbstractTransferListenerAdapter - Downloading https://repo.maven.apache.org/maven2/javax/persistence/javax.persistence-api/2.2/javax.persistence-api-2.2.jar
2025-10-16 09:01:49,525 [BasicRepositoryConnector-repo.maven.apache.org-0-0] INFO  o.e.m.c.i.e.AbstractTransferListenerAdapter - Downloading https://repo.maven.apache.org/maven2/org/jboss/logging/jboss-logging/3.3.2.Final/jboss-logging-3.3.2.Final.jar
2025-10-16 09:01:49,588 [BasicRepositoryConnector-repo.maven.apache.org-0-4] INFO  o.e.m.c.i.e.AbstractTransferListenerAdapter - Downloading https://repo.maven.apache.org/maven2/org/jboss/jandex/2.1.1.Final/jandex-2.1.1.Final.jar
2025-10-16 09:01:49,594 [BasicRepositoryConnector-repo.maven.apache.org-0-1] INFO  o.e.m.c.i.e.AbstractTransferListenerAdapter - Downloaded https://repo.maven.apache.org/maven2/javax/persistence/javax.persistence-api/2.2/javax.persistence-api-2.2.jar
2025-10-16 09:01:49,652 [BasicRepositoryConnector-repo.maven.apache.org-0-1] INFO  o.e.m.c.i.e.AbstractTransferListenerAdapter - Downloading https://repo.maven.apache.org/maven2/javax/activation/javax.activation-api/1.2.0/javax.activation-api-1.2.0.jar
2025-10-16 09:01:49,660 [BasicRepositoryConnector-repo.maven.apache.org-0-1] INFO  o.e.m.c.i.e.AbstractTransferListenerAdapter - Downloaded https://repo.maven.apache.org/maven2/javax/activation/javax.activation-api/1.2.0/javax.activation-api-1.2.0.jar
2025-10-16 09:01:49,696 [BasicRepositoryConnector-repo.maven.apache.org-0-4] INFO  o.e.m.c.i.e.AbstractTransferListenerAdapter - Downloaded https://repo.maven.apache.org/maven2/org/jboss/jandex/2.1.1.Final/jandex-2.1.1.Final.jar
2025-10-16 09:01:49,710 [BasicRepositoryConnector-repo.maven.apache.org-0-2] INFO  o.e.m.c.i.e.AbstractTransferListenerAdapter - Downloaded https://repo.maven.apache.org/maven2/org/javassist/javassist/3.24.0-GA/javassist-3.24.0-GA.jar
2025-10-16 09:01:49,712 [BasicRepositoryConnector-repo.maven.apache.org-0-1] INFO  o.e.m.c.i.e.AbstractTransferListenerAdapter - Downloading https://repo.maven.apache.org/maven2/org/dom4j/dom4j/2.1.1/dom4j-2.1.1.jar
2025-10-16 09:01:49,752 [BasicRepositoryConnector-repo.maven.apache.org-0-4] INFO  o.e.m.c.i.e.AbstractTransferListenerAdapter - Downloading https://repo.maven.apache.org/maven2/org/hibernate/common/hibernate-commons-annotations/5.1.0.Final/hibernate-commons-annotations-5.1.0.Final.jar
2025-10-16 09:01:49,762 [BasicRepositoryConnector-repo.maven.apache.org-0-4] INFO  o.e.m.c.i.e.AbstractTransferListenerAdapter - Downloaded https://repo.maven.apache.org/maven2/org/hibernate/common/hibernate-commons-annotations/5.1.0.Final/hibernate-commons-annotations-5.1.0.Final.jar
2025-10-16 09:01:49,764 [BasicRepositoryConnector-repo.maven.apache.org-0-2] INFO  o.e.m.c.i.e.AbstractTransferListenerAdapter - Downloading https://repo.maven.apache.org/maven2/javax/xml/bind/jaxb-api/2.3.1/jaxb-api-2.3.1.jar
2025-10-16 09:01:49,777 [BasicRepositoryConnector-repo.maven.apache.org-0-2] INFO  o.e.m.c.i.e.AbstractTransferListenerAdapter - Downloaded https://repo.maven.apache.org/maven2/javax/xml/bind/jaxb-api/2.3.1/jaxb-api-2.3.1.jar
2025-10-16 09:01:49,809 [BasicRepositoryConnector-repo.maven.apache.org-0-4] INFO  o.e.m.c.i.e.AbstractTransferListenerAdapter - Downloading https://repo.maven.apache.org/maven2/org/glassfish/jaxb/jaxb-runtime/2.3.1/jaxb-runtime-2.3.1.jar
2025-10-16 09:01:49,899 [BasicRepositoryConnector-repo.maven.apache.org-0-3] INFO  o.e.m.c.i.e.AbstractTransferListenerAdapter - Downloaded https://repo.maven.apache.org/maven2/net/bytebuddy/byte-buddy/1.10.2/byte-buddy-1.10.2.jar
2025-10-16 09:01:49,934 [BasicRepositoryConnector-repo.maven.apache.org-0-4] INFO  o.e.m.c.i.e.AbstractTransferListenerAdapter - Downloaded https://repo.maven.apache.org/maven2/org/glassfish/jaxb/jaxb-runtime/2.3.1/jaxb-runtime-2.3.1.jar
2025-10-16 09:01:49,946 [BasicRepositoryConnector-repo.maven.apache.org-0-3] INFO  o.e.m.c.i.e.AbstractTransferListenerAdapter - Downloading https://repo.maven.apache.org/maven2/com/sun/istack/istack-commons-runtime/3.0.7/istack-commons-runtime-3.0.7.jar
2025-10-16 09:01:49,951 [BasicRepositoryConnector-repo.maven.apache.org-0-2] INFO  o.e.m.c.i.e.AbstractTransferListenerAdapter - Downloading https://repo.maven.apache.org/maven2/org/glassfish/jaxb/txw2/2.3.1/txw2-2.3.1.jar
2025-10-16 09:01:49,951 [BasicRepositoryConnector-repo.maven.apache.org-0-3] INFO  o.e.m.c.i.e.AbstractTransferListenerAdapter - Downloaded https://repo.maven.apache.org/maven2/com/sun/istack/istack-commons-runtime/3.0.7/istack-commons-runtime-3.0.7.jar
2025-10-16 09:01:49,967 [BasicRepositoryConnector-repo.maven.apache.org-0-4] INFO  o.e.m.c.i.e.AbstractTransferListenerAdapter - Downloading https://repo.maven.apache.org/maven2/org/jvnet/staxex/stax-ex/1.8/stax-ex-1.8.jar
2025-10-16 09:01:49,972 [BasicRepositoryConnector-repo.maven.apache.org-0-4] INFO  o.e.m.c.i.e.AbstractTransferListenerAdapter - Downloaded https://repo.maven.apache.org/maven2/org/jvnet/staxex/stax-ex/1.8/stax-ex-1.8.jar
2025-10-16 09:01:49,976 [BasicRepositoryConnector-repo.maven.apache.org-0-2] INFO  o.e.m.c.i.e.AbstractTransferListenerAdapter - Downloaded https://repo.maven.apache.org/maven2/org/glassfish/jaxb/txw2/2.3.1/txw2-2.3.1.jar
2025-10-16 09:01:49,991 [BasicRepositoryConnector-repo.maven.apache.org-0-3] INFO  o.e.m.c.i.e.AbstractTransferListenerAdapter - Downloading https://repo.maven.apache.org/maven2/com/sun/xml/fastinfoset/FastInfoset/1.2.15/FastInfoset-1.2.15.jar
2025-10-16 09:01:50,024 [BasicRepositoryConnector-repo.maven.apache.org-0-1] INFO  o.e.m.c.i.e.AbstractTransferListenerAdapter - Downloaded https://repo.maven.apache.org/maven2/org/dom4j/dom4j/2.1.1/dom4j-2.1.1.jar
2025-10-16 09:01:50,025 [BasicRepositoryConnector-repo.maven.apache.org-0-3] INFO  o.e.m.c.i.e.AbstractTransferListenerAdapter - Downloaded https://repo.maven.apache.org/maven2/com/sun/xml/fastinfoset/FastInfoset/1.2.15/FastInfoset-1.2.15.jar
2025-10-16 09:01:50,452 [BasicRepositoryConnector-repo.maven.apache.org-0-0] INFO  o.e.m.c.i.e.AbstractTransferListenerAdapter - Downloaded https://repo.maven.apache.org/maven2/org/jboss/logging/jboss-logging/3.3.2.Final/jboss-logging-3.3.2.Final.jar
2025-10-16 09:01:50,610 [Worker-17: Building] INFO  o.a.m.s.f.DefaultMavenResourcesFiltering - skip non existing resourceDirectory C:\Users\Admin\JAVA TTS 8-30\HibernateCore\src\main\resources
2025-10-16 09:01:50,613 [Worker-17: Building] INFO  o.a.m.s.f.DefaultMavenResourcesFiltering - skip non existing resourceDirectory C:\Users\Admin\JAVA TTS 8-30\HibernateCore\src\test\resources
2025-10-16 09:01:51,119 [Worker-0: Building] INFO  o.a.m.s.f.DefaultMavenResourcesFiltering - skip non existing resourceDirectory C:\Users\Admin\JAVA TTS 8-30\HibernateCore\src\main\resources
2025-10-16 09:01:51,121 [Worker-0: Building] INFO  o.a.m.s.f.DefaultMavenResourcesFiltering - skip non existing resourceDirectory C:\Users\Admin\JAVA TTS 8-30\HibernateCore\src\test\resources
2025-10-16 09:01:51,634 [Worker-3: Download sources and javadoc] INFO  o.e.m.c.i.e.AbstractTransferListenerAdapter - Downloading https://repo.maven.apache.org/maven2/org/hibernate/hibernate-core/5.4.10.Final/hibernate-core-5.4.10.Final-sources.jar
2025-10-16 09:01:52,095 [Worker-3: Download sources and javadoc] INFO  o.e.m.c.i.e.AbstractTransferListenerAdapter - Downloaded https://repo.maven.apache.org/maven2/org/hibernate/hibernate-core/5.4.10.Final/hibernate-core-5.4.10.Final-sources.jar
2025-10-16 09:01:52,099 [Worker-3: Download sources and javadoc] INFO  o.e.m.j.internal.DownloadSourcesJob - Downloaded sources for org.hibernate:hibernate-core:5.4.10.Final
2025-10-16 09:01:52,177 [Worker-3: Download sources and javadoc] INFO  o.e.m.c.i.e.AbstractTransferListenerAdapter - Downloading https://repo.maven.apache.org/maven2/org/jboss/logging/jboss-logging/3.3.2.Final/jboss-logging-3.3.2.Final-sources.jar
2025-10-16 09:01:52,197 [Worker-3: Download sources and javadoc] INFO  o.e.m.c.i.e.AbstractTransferListenerAdapter - Downloaded https://repo.maven.apache.org/maven2/org/jboss/logging/jboss-logging/3.3.2.Final/jboss-logging-3.3.2.Final-sources.jar
2025-10-16 09:01:52,201 [Worker-3: Download sources and javadoc] INFO  o.e.m.j.internal.DownloadSourcesJob - Downloaded sources for org.jboss.logging:jboss-logging:3.3.2.Final
2025-10-16 09:01:52,313 [Worker-3: Download sources and javadoc] INFO  o.e.m.c.i.e.AbstractTransferListenerAdapter - Downloading https://repo.maven.apache.org/maven2/javax/persistence/javax.persistence-api/2.2/javax.persistence-api-2.2-sources.jar
2025-10-16 09:01:52,346 [Worker-3: Download sources and javadoc] INFO  o.e.m.c.i.e.AbstractTransferListenerAdapter - Downloaded https://repo.maven.apache.org/maven2/javax/persistence/javax.persistence-api/2.2/javax.persistence-api-2.2-sources.jar
2025-10-16 09:01:52,349 [Worker-3: Download sources and javadoc] INFO  o.e.m.j.internal.DownloadSourcesJob - Downloaded sources for javax.persistence:javax.persistence-api:2.2
2025-10-16 09:01:52,439 [Worker-3: Download sources and javadoc] INFO  o.e.m.c.i.e.AbstractTransferListenerAdapter - Downloading https://repo.maven.apache.org/maven2/org/javassist/javassist/3.24.0-GA/javassist-3.24.0-GA-sources.jar
2025-10-16 09:01:52,517 [Worker-3: Download sources and javadoc] INFO  o.e.m.c.i.e.AbstractTransferListenerAdapter - Downloaded https://repo.maven.apache.org/maven2/org/javassist/javassist/3.24.0-GA/javassist-3.24.0-GA-sources.jar
2025-10-16 09:01:52,519 [Worker-3: Download sources and javadoc] INFO  o.e.m.j.internal.DownloadSourcesJob - Downloaded sources for org.javassist:javassist:3.24.0-GA
2025-10-16 09:01:52,619 [Worker-3: Download sources and javadoc] INFO  o.e.m.c.i.e.AbstractTransferListenerAdapter - Downloading https://repo.maven.apache.org/maven2/net/bytebuddy/byte-buddy/1.10.2/byte-buddy-1.10.2-sources.jar
2025-10-16 09:01:52,785 [Worker-3: Download sources and javadoc] INFO  o.e.m.c.i.e.AbstractTransferListenerAdapter - Downloaded https://repo.maven.apache.org/maven2/net/bytebuddy/byte-buddy/1.10.2/byte-buddy-1.10.2-sources.jar
2025-10-16 09:01:52,788 [Worker-3: Download sources and javadoc] INFO  o.e.m.j.internal.DownloadSourcesJob - Downloaded sources for net.bytebuddy:byte-buddy:1.10.2
2025-10-16 09:01:52,861 [Worker-3: Download sources and javadoc] INFO  o.e.m.c.i.e.AbstractTransferListenerAdapter - Downloading https://repo.maven.apache.org/maven2/org/jboss/spec/javax/transaction/jboss-transaction-api_1.2_spec/1.1.1.Final/jboss-transaction-api_1.2_spec-1.1.1.Final-sources.jar
2025-10-16 09:01:52,865 [Worker-3: Download sources and javadoc] INFO  o.e.m.c.i.e.AbstractTransferListenerAdapter - Downloaded https://repo.maven.apache.org/maven2/org/jboss/spec/javax/transaction/jboss-transaction-api_1.2_spec/1.1.1.Final/jboss-transaction-api_1.2_spec-1.1.1.Final-sources.jar
2025-10-16 09:01:52,868 [Worker-3: Download sources and javadoc] INFO  o.e.m.j.internal.DownloadSourcesJob - Downloaded sources for org.jboss.spec.javax.transaction:jboss-transaction-api_1.2_spec:1.1.1.Final
2025-10-16 09:01:52,959 [Worker-3: Download sources and javadoc] INFO  o.e.m.c.i.e.AbstractTransferListenerAdapter - Downloading https://repo.maven.apache.org/maven2/org/jboss/jandex/2.1.1.Final/jandex-2.1.1.Final-sources.jar
2025-10-16 09:01:52,985 [Worker-3: Download sources and javadoc] INFO  o.e.m.c.i.e.AbstractTransferListenerAdapter - Downloaded https://repo.maven.apache.org/maven2/org/jboss/jandex/2.1.1.Final/jandex-2.1.1.Final-sources.jar
2025-10-16 09:01:52,987 [Worker-3: Download sources and javadoc] INFO  o.e.m.j.internal.DownloadSourcesJob - Downloaded sources for org.jboss:jandex:2.1.1.Final
2025-10-16 09:01:53,058 [Worker-3: Download sources and javadoc] INFO  o.e.m.c.i.e.AbstractTransferListenerAdapter - Downloading https://repo.maven.apache.org/maven2/javax/activation/javax.activation-api/1.2.0/javax.activation-api-1.2.0-sources.jar
2025-10-16 09:01:53,077 [Worker-3: Download sources and javadoc] INFO  o.e.m.c.i.e.AbstractTransferListenerAdapter - Downloaded https://repo.maven.apache.org/maven2/javax/activation/javax.activation-api/1.2.0/javax.activation-api-1.2.0-sources.jar
2025-10-16 09:01:53,079 [Worker-3: Download sources and javadoc] INFO  o.e.m.j.internal.DownloadSourcesJob - Downloaded sources for javax.activation:javax.activation-api:1.2.0
2025-10-16 09:01:53,176 [Worker-3: Download sources and javadoc] INFO  o.e.m.c.i.e.AbstractTransferListenerAdapter - Downloading https://repo.maven.apache.org/maven2/org/dom4j/dom4j/2.1.1/dom4j-2.1.1-sources.jar
2025-10-16 09:01:53,246 [Worker-3: Download sources and javadoc] INFO  o.e.m.c.i.e.AbstractTransferListenerAdapter - Downloaded https://repo.maven.apache.org/maven2/org/dom4j/dom4j/2.1.1/dom4j-2.1.1-sources.jar
2025-10-16 09:01:53,248 [Worker-3: Download sources and javadoc] INFO  o.e.m.j.internal.DownloadSourcesJob - Downloaded sources for org.dom4j:dom4j:2.1.1
2025-10-16 09:01:53,339 [Worker-3: Download sources and javadoc] INFO  o.e.m.c.i.e.AbstractTransferListenerAdapter - Downloading https://repo.maven.apache.org/maven2/org/hibernate/common/hibernate-commons-annotations/5.1.0.Final/hibernate-commons-annotations-5.1.0.Final-sources.jar
2025-10-16 09:01:53,365 [Worker-3: Download sources and javadoc] INFO  o.e.m.c.i.e.AbstractTransferListenerAdapter - Downloaded https://repo.maven.apache.org/maven2/org/hibernate/common/hibernate-commons-annotations/5.1.0.Final/hibernate-commons-annotations-5.1.0.Final-sources.jar
2025-10-16 09:01:53,368 [Worker-3: Download sources and javadoc] INFO  o.e.m.j.internal.DownloadSourcesJob - Downloaded sources for org.hibernate.common:hibernate-commons-annotations:5.1.0.Final
2025-10-16 09:01:53,443 [Worker-3: Download sources and javadoc] INFO  o.e.m.c.i.e.AbstractTransferListenerAdapter - Downloading https://repo.maven.apache.org/maven2/javax/xml/bind/jaxb-api/2.3.1/jaxb-api-2.3.1-sources.jar
2025-10-16 09:01:53,482 [Worker-3: Download sources and javadoc] INFO  o.e.m.c.i.e.AbstractTransferListenerAdapter - Downloaded https://repo.maven.apache.org/maven2/javax/xml/bind/jaxb-api/2.3.1/jaxb-api-2.3.1-sources.jar
2025-10-16 09:01:53,484 [Worker-3: Download sources and javadoc] INFO  o.e.m.j.internal.DownloadSourcesJob - Downloaded sources for javax.xml.bind:jaxb-api:2.3.1
2025-10-16 09:01:53,558 [Worker-3: Download sources and javadoc] INFO  o.e.m.c.i.e.AbstractTransferListenerAdapter - Downloading https://repo.maven.apache.org/maven2/org/glassfish/jaxb/jaxb-runtime/2.3.1/jaxb-runtime-2.3.1-sources.jar
2025-10-16 09:01:54,184 [Worker-3: Download sources and javadoc] INFO  o.e.m.c.i.e.AbstractTransferListenerAdapter - Downloaded https://repo.maven.apache.org/maven2/org/glassfish/jaxb/jaxb-runtime/2.3.1/jaxb-runtime-2.3.1-sources.jar
2025-10-16 09:01:54,186 [Worker-3: Download sources and javadoc] INFO  o.e.m.j.internal.DownloadSourcesJob - Downloaded sources for org.glassfish.jaxb:jaxb-runtime:2.3.1
2025-10-16 09:01:54,264 [Worker-3: Download sources and javadoc] INFO  o.e.m.c.i.e.AbstractTransferListenerAdapter - Downloading https://repo.maven.apache.org/maven2/org/glassfish/jaxb/txw2/2.3.1/txw2-2.3.1-sources.jar
2025-10-16 09:01:54,285 [Worker-3: Download sources and javadoc] INFO  o.e.m.c.i.e.AbstractTransferListenerAdapter - Downloaded https://repo.maven.apache.org/maven2/org/glassfish/jaxb/txw2/2.3.1/txw2-2.3.1-sources.jar
2025-10-16 09:01:54,289 [Worker-3: Download sources and javadoc] INFO  o.e.m.j.internal.DownloadSourcesJob - Downloaded sources for org.glassfish.jaxb:txw2:2.3.1
2025-10-16 09:01:54,361 [Worker-3: Download sources and javadoc] INFO  o.e.m.c.i.e.AbstractTransferListenerAdapter - Downloading https://repo.maven.apache.org/maven2/com/sun/istack/istack-commons-runtime/3.0.7/istack-commons-runtime-3.0.7-sources.jar
2025-10-16 09:01:54,382 [Worker-3: Download sources and javadoc] INFO  o.e.m.c.i.e.AbstractTransferListenerAdapter - Downloaded https://repo.maven.apache.org/maven2/com/sun/istack/istack-commons-runtime/3.0.7/istack-commons-runtime-3.0.7-sources.jar
2025-10-16 09:01:54,385 [Worker-3: Download sources and javadoc] INFO  o.e.m.j.internal.DownloadSourcesJob - Downloaded sources for com.sun.istack:istack-commons-runtime:3.0.7
2025-10-16 09:01:54,450 [Worker-3: Download sources and javadoc] INFO  o.e.m.c.i.e.AbstractTransferListenerAdapter - Downloading https://repo.maven.apache.org/maven2/org/jvnet/staxex/stax-ex/1.8/stax-ex-1.8-sources.jar
2025-10-16 09:01:54,479 [Worker-3: Download sources and javadoc] INFO  o.e.m.c.i.e.AbstractTransferListenerAdapter - Downloaded https://repo.maven.apache.org/maven2/org/jvnet/staxex/stax-ex/1.8/stax-ex-1.8-sources.jar
2025-10-16 09:01:54,487 [Worker-3: Download sources and javadoc] INFO  o.e.m.j.internal.DownloadSourcesJob - Downloaded sources for org.jvnet.staxex:stax-ex:1.8
2025-10-16 09:01:54,590 [Worker-3: Download sources and javadoc] INFO  o.e.m.c.i.e.AbstractTransferListenerAdapter - Downloading https://repo.maven.apache.org/maven2/com/sun/xml/fastinfoset/FastInfoset/1.2.15/FastInfoset-1.2.15-sources.jar
2025-10-16 09:01:54,636 [Worker-3: Download sources and javadoc] INFO  o.e.m.c.i.e.AbstractTransferListenerAdapter - Downloaded https://repo.maven.apache.org/maven2/com/sun/xml/fastinfoset/FastInfoset/1.2.15/FastInfoset-1.2.15-sources.jar
2025-10-16 09:01:54,638 [Worker-3: Download sources and javadoc] INFO  o.e.m.j.internal.DownloadSourcesJob - Downloaded sources for com.sun.xml.fastinfoset:FastInfoset:1.2.15
2025-10-16 09:02:16,134 [Worker-3: Building] INFO  o.a.m.s.f.DefaultMavenResourcesFiltering - skip non existing resourceDirectory C:\Users\Admin\JAVA TTS 8-30\HibernateCore\src\main\resources
2025-10-16 09:02:16,135 [Worker-3: Building] INFO  o.a.m.s.f.DefaultMavenResourcesFiltering - skip non existing resourceDirectory C:\Users\Admin\JAVA TTS 8-30\HibernateCore\src\test\resources
2025-10-16 09:02:53,133 [Worker-21: Building] INFO  o.a.m.s.f.DefaultMavenResourcesFiltering - skip non existing resourceDirectory C:\Users\Admin\JAVA TTS 8-30\HibernateCore\src\main\resources
2025-10-16 09:02:53,135 [Worker-21: Building] INFO  o.a.m.s.f.DefaultMavenResourcesFiltering - skip non existing resourceDirectory C:\Users\Admin\JAVA TTS 8-30\HibernateCore\src\test\resources
2025-10-16 09:02:57,113 [Worker-3: Building] INFO  o.a.m.s.f.DefaultMavenResourcesFiltering - skip non existing resourceDirectory C:\Users\Admin\JAVA TTS 8-30\HibernateCore\src\main\resources
2025-10-16 09:02:57,115 [Worker-3: Building] INFO  o.a.m.s.f.DefaultMavenResourcesFiltering - skip non existing resourceDirectory C:\Users\Admin\JAVA TTS 8-30\HibernateCore\src\test\resources
2025-10-16 09:02:59,281 [Worker-4: Building] INFO  o.a.m.s.f.DefaultMavenResourcesFiltering - skip non existing resourceDirectory C:\Users\Admin\JAVA TTS 8-30\HibernateCore\src\main\resources
2025-10-16 09:02:59,282 [Worker-4: Building] INFO  o.a.m.s.f.DefaultMavenResourcesFiltering - skip non existing resourceDirectory C:\Users\Admin\JAVA TTS 8-30\HibernateCore\src\test\resources
2025-10-16 09:03:39,275 [Worker-4: Building] INFO  o.a.m.s.f.DefaultMavenResourcesFiltering - skip non existing resourceDirectory C:\Users\Admin\JAVA TTS 8-30\HibernateCore\src\main\resources
2025-10-16 09:03:39,277 [Worker-4: Building] INFO  o.a.m.s.f.DefaultMavenResourcesFiltering - skip non existing resourceDirectory C:\Users\Admin\JAVA TTS 8-30\HibernateCore\src\test\resources
2025-10-16 09:03:45,127 [Worker-1: Building] INFO  o.a.m.s.f.DefaultMavenResourcesFiltering - skip non existing resourceDirectory C:\Users\Admin\JAVA TTS 8-30\HibernateCore\src\main\resources
2025-10-16 09:03:45,129 [Worker-1: Building] INFO  o.a.m.s.f.DefaultMavenResourcesFiltering - skip non existing resourceDirectory C:\Users\Admin\JAVA TTS 8-30\HibernateCore\src\test\resources
2025-10-16 09:03:58,694 [Worker-21: Building] INFO  o.a.m.s.f.DefaultMavenResourcesFiltering - skip non existing resourceDirectory C:\Users\Admin\JAVA TTS 8-30\HibernateCore\src\main\resources
2025-10-16 09:03:58,695 [Worker-21: Building] INFO  o.a.m.s.f.DefaultMavenResourcesFiltering - skip non existing resourceDirectory C:\Users\Admin\JAVA TTS 8-30\HibernateCore\src\test\resources
2025-10-16 09:05:03,191 [Worker-21: Building] INFO  o.a.m.s.f.DefaultMavenResourcesFiltering - skip non existing resourceDirectory C:\Users\Admin\JAVA TTS 8-30\HibernateCore\src\main\resources
2025-10-16 09:05:03,193 [Worker-21: Building] INFO  o.a.m.s.f.DefaultMavenResourcesFiltering - skip non existing resourceDirectory C:\Users\Admin\JAVA TTS 8-30\HibernateCore\src\test\resources
2025-10-16 09:06:51,838 [Worker-1: Building] INFO  o.e.m.c.i.l.LifecycleMappingFactory - Using org.eclipse.m2e.jdt.JarLifecycleMapping lifecycle mapping for MavenProject: com.hibernate:HibernateCore:0.0.1-SNAPSHOT @ C:\Users\Admin\JAVA TTS 8-30\HibernateCore\pom.xml.
2025-10-16 09:06:51,926 [Worker-1: Building] WARN  o.e.m.c.i.embedder.EclipseLogger - The artifact mysql:mysql-connector-java:jar:8.0.33 has been relocated to com.mysql:mysql-connector-j:jar:8.0.33: MySQL Connector/J artifacts moved to reverse-DNS compliant Maven 2+ coordinates.
2025-10-16 09:06:52,052 [Worker-1: Building] INFO  o.a.m.s.f.DefaultMavenResourcesFiltering - skip non existing resourceDirectory C:\Users\Admin\JAVA TTS 8-30\HibernateCore\src\main\resources
2025-10-16 09:06:52,054 [Worker-1: Building] INFO  o.a.m.s.f.DefaultMavenResourcesFiltering - skip non existing resourceDirectory C:\Users\Admin\JAVA TTS 8-30\HibernateCore\src\test\resources
2025-10-16 09:07:20,628 [Worker-7: Building] INFO  o.a.m.s.f.DefaultMavenResourcesFiltering - skip non existing resourceDirectory C:\Users\Admin\JAVA TTS 8-30\HibernateCore\src\main\resources
2025-10-16 09:07:20,629 [Worker-7: Building] INFO  o.a.m.s.f.DefaultMavenResourcesFiltering - skip non existing resourceDirectory C:\Users\Admin\JAVA TTS 8-30\HibernateCore\src\test\resources
2025-10-16 09:07:58,540 [Worker-14: Building] INFO  o.a.m.s.f.DefaultMavenResourcesFiltering - skip non existing resourceDirectory C:\Users\Admin\JAVA TTS 8-30\HibernateCore\src\main\resources
2025-10-16 09:07:58,541 [Worker-14: Building] INFO  o.a.m.s.f.DefaultMavenResourcesFiltering - skip non existing resourceDirectory C:\Users\Admin\JAVA TTS 8-30\HibernateCore\src\test\resources
2025-10-16 09:08:00,965 [Worker-17: Building] INFO  o.a.m.s.f.DefaultMavenResourcesFiltering - skip non existing resourceDirectory C:\Users\Admin\JAVA TTS 8-30\HibernateCore\src\main\resources
2025-10-16 09:08:00,967 [Worker-17: Building] INFO  o.a.m.s.f.DefaultMavenResourcesFiltering - skip non existing resourceDirectory C:\Users\Admin\JAVA TTS 8-30\HibernateCore\src\test\resources
2025-10-16 09:08:43,750 [Worker-22: Building] INFO  o.a.m.s.f.DefaultMavenResourcesFiltering - skip non existing resourceDirectory C:\Users\Admin\JAVA TTS 8-30\HibernateCore\src\main\resources
2025-10-16 09:08:43,751 [Worker-22: Building] INFO  o.a.m.s.f.DefaultMavenResourcesFiltering - skip non existing resourceDirectory C:\Users\Admin\JAVA TTS 8-30\HibernateCore\src\test\resources
2025-10-16 09:08:52,251 [Worker-22: Building] INFO  o.a.m.s.f.DefaultMavenResourcesFiltering - skip non existing resourceDirectory C:\Users\Admin\JAVA TTS 8-30\HibernateCore\src\main\resources
2025-10-16 09:08:52,253 [Worker-22: Building] INFO  o.a.m.s.f.DefaultMavenResourcesFiltering - skip non existing resourceDirectory C:\Users\Admin\JAVA TTS 8-30\HibernateCore\src\test\resources
2025-10-16 09:09:37,332 [Worker-22: Building] INFO  o.a.m.s.f.DefaultMavenResourcesFiltering - skip non existing resourceDirectory C:\Users\Admin\JAVA TTS 8-30\HibernateCore\src\main\resources
2025-10-16 09:09:37,334 [Worker-22: Building] INFO  o.a.m.s.f.DefaultMavenResourcesFiltering - skip non existing resourceDirectory C:\Users\Admin\JAVA TTS 8-30\HibernateCore\src\test\resources
2025-10-16 09:09:58,063 [Worker-1: Building] INFO  o.a.m.s.f.DefaultMavenResourcesFiltering - skip non existing resourceDirectory C:\Users\Admin\JAVA TTS 8-30\HibernateCore\src\main\resources
2025-10-16 09:09:58,064 [Worker-1: Building] INFO  o.a.m.s.f.DefaultMavenResourcesFiltering - skip non existing resourceDirectory C:\Users\Admin\JAVA TTS 8-30\HibernateCore\src\test\resources
2025-10-16 09:10:20,599 [Worker-14: Building] INFO  o.a.m.s.f.DefaultMavenResourcesFiltering - skip non existing resourceDirectory C:\Users\Admin\JAVA TTS 8-30\HibernateCore\src\main\resources
2025-10-16 09:10:20,600 [Worker-14: Building] INFO  o.a.m.s.f.DefaultMavenResourcesFiltering - skip non existing resourceDirectory C:\Users\Admin\JAVA TTS 8-30\HibernateCore\src\test\resources
2025-10-16 09:10:21,624 [Worker-17: Building] INFO  o.a.m.s.f.DefaultMavenResourcesFiltering - skip non existing resourceDirectory C:\Users\Admin\JAVA TTS 8-30\HibernateCore\src\main\resources
2025-10-16 09:10:21,625 [Worker-17: Building] INFO  o.a.m.s.f.DefaultMavenResourcesFiltering - skip non existing resourceDirectory C:\Users\Admin\JAVA TTS 8-30\HibernateCore\src\test\resources
2025-10-16 09:10:27,790 [Worker-7: Building] INFO  o.a.m.s.f.DefaultMavenResourcesFiltering - skip non existing resourceDirectory C:\Users\Admin\JAVA TTS 8-30\HibernateCore\src\main\resources
2025-10-16 09:10:27,791 [Worker-7: Building] INFO  o.a.m.s.f.DefaultMavenResourcesFiltering - skip non existing resourceDirectory C:\Users\Admin\JAVA TTS 8-30\HibernateCore\src\test\resources
2025-10-16 09:11:59,482 [Worker-4: Building] INFO  o.a.m.s.f.DefaultMavenResourcesFiltering - skip non existing resourceDirectory C:\Users\Admin\JAVA TTS 8-30\HibernateCore\src\main\resources
2025-10-16 09:11:59,483 [Worker-4: Building] INFO  o.a.m.s.f.DefaultMavenResourcesFiltering - skip non existing resourceDirectory C:\Users\Admin\JAVA TTS 8-30\HibernateCore\src\test\resources
2025-10-16 09:12:10,451 [Worker-7: Building] INFO  o.a.m.s.f.DefaultMavenResourcesFiltering - skip non existing resourceDirectory C:\Users\Admin\JAVA TTS 8-30\HibernateCore\src\main\resources
2025-10-16 09:12:10,452 [Worker-7: Building] INFO  o.a.m.s.f.DefaultMavenResourcesFiltering - skip non existing resourceDirectory C:\Users\Admin\JAVA TTS 8-30\HibernateCore\src\test\resources
2025-10-16 09:12:27,142 [Worker-22: Building] INFO  o.a.m.s.f.DefaultMavenResourcesFiltering - skip non existing resourceDirectory C:\Users\Admin\JAVA TTS 8-30\HibernateCore\src\main\resources
2025-10-16 09:12:27,143 [Worker-22: Building] INFO  o.a.m.s.f.DefaultMavenResourcesFiltering - skip non existing resourceDirectory C:\Users\Admin\JAVA TTS 8-30\HibernateCore\src\test\resources
